# movieId	count	avgX10	imdbVotes	origin	groups
# count = IMDb 评价人数 ÷ 20.5（两库重叠样本中位比值，见 _fetch_movies_extra.py）
300001	38921	84	797887	recent	-
300002	29127	75	597107	recent	-
300003	25910	75	531146	recent	-
300004	22800	72	467402	recent	-
300005	22001	76	451025	recent	-
300006	21919	70	449332	recent	-
300007	19952	74	409015	recent	-
300008	19454	22	398801	recent	-
300009	19324	76	396151	recent	-
300010	19186	78	393314	recent	-
300011	16639	74	341094	non-western	拉美
300012	16030	74	328623	recent	-
300013	15347	64	314617	recent	-
300014	15140	74	310361	recent	-
300015	15022	71	307950	recent	-
300016	14447	71	296154	recent	-
300017	14357	68	294318	recent	-
300018	14107	74	289192	recent	-
300019	13603	71	278867	recent	-
300020	13441	68	275540	recent	-
300021	13420	70	275109	recent	-
300022	13014	67	266784	non-western	日韩
300023	12795	73	262297	recent	-
300024	12768	75	261746	recent	-
300025	11818	71	242262	recent	-
300026	11748	70	240842	recent	-
300027	11689	81	239626	recent	-
300028	11413	65	233971	recent	-
300029	11331	76	232290	non-western	日韩
300030	11184	66	229270	recent	-
300031	11166	74	228906	non-western	日韩
300032	10926	75	223989	recent	-
300033	10458	72	214397	recent	-
300034	10094	58	206934	recent	-
300035	9921	67	203384	recent	-
300036	9815	65	201198	recent	-
300037	9736	65	199592	recent	-
300038	9489	56	194524	recent	-
300039	9435	73	193416	non-western	东欧·俄罗斯
300040	9407	69	192847	recent	-
300041	9384	62	192372	recent	-
300042	9233	52	189273	recent	-
300043	9137	63	187300	recent	-
300044	9042	70	185371	recent	-
300045	8964	62	183754	recent	-
300046	8891	67	182259	recent	-
300047	8796	66	180317	recent	-
300048	8705	87	178451	non-western	南亚
300049	8461	68	173445	recent	-
300050	8459	58	173403	recent	-
300051	8436	67	172943	recent	-
300052	8435	68	172921	recent	-
300053	8405	81	172301	non-western	拉美
300054	8354	72	171266	recent	-
300055	8226	56	168638	recent	-
300056	8141	70	166898	non-western	东欧·俄罗斯
300057	8097	60	165984	recent	-
300058	8037	72	164760	recent	-
300059	8000	68	163993	recent	-
300060	7914	62	162238	recent	-
300061	7653	73	156882	recent	-
300062	7569	67	155158	recent	-
300063	7529	78	154344	recent	-
300064	7418	66	152079	recent	-
300065	7409	82	151893	non-western	南亚
300066	7285	68	149347	recent	-
300067	7035	74	144208	recent	-
300068	6972	71	142930	recent	-
300069	6954	77	142559	recent	-
300070	6801	60	139417	recent	-
300071	6739	78	138150	recent	-
300072	6693	66	137207	recent	-
300073	6643	63	136181	recent	-
300074	6617	53	135646	recent	-
300075	6581	65	134909	non-western	拉美
300076	6451	70	132250	recent	-
300077	6370	63	130584	recent	-
300078	6132	63	125712	recent	-
300079	6079	65	124616	recent	-
300080	6052	64	124070	recent	-
300081	6030	61	123614	recent	-
300082	5998	73	122960	recent	-
300083	5989	61	122784	recent	-
300084	5904	73	121039	recent	-
300085	5804	41	118977	recent	-
300086	5779	62	118472	non-western	南亚
300087	5743	71	117731	recent	-
300088	5712	75	117095	recent	-
300089	5709	65	117029	recent	-
300090	5653	82	115881	non-western	南亚
300091	5514	79	113034	non-western	日韩
300092	5403	62	110769	recent	-
300093	5298	65	108605	recent	-
300094	5278	61	108199	recent	-
300095	5258	62	107783	recent	-
300096	5207	68	106753	recent	-
300097	5164	63	105866	recent	-
300098	5154	63	105649	recent	-
300099	5072	65	103981	recent	-
300100	5010	56	102700	recent	-
300101	4964	68	101754	non-western	华语,南亚
300102	4829	67	98988	recent	-
300103	4816	67	98729	recent	-
300104	4807	59	98541	recent	-
300105	4756	12	97494	non-western	南亚
300106	4683	65	96003	recent	-
300107	4551	65	93287	recent	-
300108	4501	62	92272	recent	-
300109	4462	68	91464	recent	-
300110	4451	77	91244	recent	-
300111	4413	67	90470	recent	-
300112	4411	63	90435	recent	-
300113	4377	69	89726	recent	-
300114	4323	64	88630	recent	-
300115	4321	55	88576	recent	-
300116	4292	59	87981	recent	-
300117	4273	61	87604	recent	-
300118	4246	83	87047	non-western	日韩
300119	4226	65	86643	non-western	南亚
300120	4211	63	86331	recent	-
300121	4209	83	86277	non-western	南亚
300122	4163	69	85346	non-western	日韩
300123	4152	62	85111	recent	-
300124	4152	66	85106	recent	-
300125	4129	57	84651	recent	-
300126	4022	57	82455	recent	-
300127	4015	70	82310	recent	-
300128	3910	67	80165	non-western	南亚
300129	3900	59	79960	recent	-
300130	3897	73	79898	recent	-
300131	3873	46	79398	non-western	南亚
300132	3825	63	78416	recent	-
300133	3803	70	77953	non-western	南亚
300134	3747	75	76821	non-western	日韩
300135	3735	43	76558	non-western	南亚
300136	3734	58	76539	recent	-
300137	3720	70	76262	recent	-
300138	3709	71	76028	recent	-
300139	3708	81	76022	non-western	西亚·中亚
300140	3668	72	75193	non-western	南亚
300141	3662	66	75069	recent	-
300142	3646	55	74749	recent	-
300143	3638	64	74569	recent	-
300144	3616	66	74125	recent	-
300145	3605	57	73897	recent	-
300146	3565	65	73078	recent	-
300147	3558	64	72936	recent	-
300148	3554	57	72861	recent	-
300149	3506	56	71864	recent	-
300150	3486	60	71454	recent	-
300151	3458	63	70892	non-western	南亚
300152	3437	83	70450	non-western	日韩
300153	3407	76	69838	recent	-
300154	3398	77	69666	non-western	南亚
300155	3389	64	69472	non-western	华语
300156	3376	69	69216	recent	-
300157	3375	64	69185	recent	-
300158	3355	59	68780	recent	-
300159	3352	60	68717	non-western	南亚
300160	3331	83	68284	recent	-
300161	3306	75	67777	non-western	日韩
300162	3242	66	66455	recent	-
300163	3210	66	65811	recent	-
300164	3203	62	65657	recent	-
300165	3183	54	65254	recent	-
300166	3180	68	65192	recent	-
300167	3121	72	63986	non-western	拉美
300168	3120	62	63951	recent	-
300169	3113	57	63812	recent	-
300170	3104	67	63637	recent	-
300171	3102	74	63584	recent	-
300172	3068	66	62902	recent	-
300173	3050	71	62533	non-western	南亚
300174	3047	83	62463	non-western	南亚
300175	3003	28	61558	non-western	南亚
300176	2979	57	61060	recent	-
300177	2978	66	61039	recent	-
300178	2964	47	60753	recent	-
300179	2954	66	60567	recent	-
300180	2952	68	60519	recent	-
300181	2944	63	60353	non-western	南亚
300182	2920	61	59858	recent	-
300183	2912	81	59696	non-western	南亚
300184	2903	55	59516	recent	-
300185	2828	68	57982	recent	-
300186	2785	64	57085	recent	-
300187	2781	56	57004	non-western	南亚
300188	2772	20	56832	non-western	西亚·中亚
300189	2771	65	56809	non-western	南亚
300190	2767	82	56721	recent	-
300191	2759	60	56566	recent	-
300192	2756	58	56494	recent	-
300193	2736	62	56081	non-western	南亚
300194	2714	57	55640	recent	-
300195	2668	61	54690	non-western	南亚
300196	2659	66	54515	recent	-
300197	2634	36	54002	non-western	南亚
300198	2629	50	53899	non-western	南亚
300199	2628	56	53872	recent	-
300200	2618	42	53661	non-western	南亚
300201	2602	60	53351	non-western	南亚
300202	2528	51	51815	recent	-
300203	2518	58	51622	non-western	南亚
300204	2486	76	50958	recent	-
300205	2482	71	50875	non-western	南亚
300206	2480	63	50841	non-western	华语
300207	2436	60	49928	recent	-
300208	2430	58	49821	non-western	南亚
300209	2422	68	49661	recent	-
300210	2419	70	49580	non-western	东欧·俄罗斯
300211	2407	49	49342	recent	-
300212	2397	58	49147	recent	-
300213	2394	85	49086	non-western	南亚
300214	2393	69	49055	recent	-
300215	2382	65	48823	recent	-
300216	2380	66	48782	recent	-
300217	2379	57	48761	recent	-
300218	2376	51	48708	recent	-
300219	2345	74	48070	non-western	南亚
300220	2333	75	47819	recent	-
300221	2326	69	47687	non-western	南亚
300222	2324	51	47649	recent	-
300223	2323	58	47613	recent	-
300224	2317	67	47498	recent	-
300225	2295	52	47046	recent	-
300226	2267	66	46466	recent	-
300227	2253	63	46186	recent	-
300228	2241	56	45935	recent	-
300229	2233	69	45771	non-western	南亚
300230	2226	73	45642	non-western	南亚
300231	2225	61	45607	recent	-
300232	2221	62	45534	recent	-
300233	2211	56	45335	non-western	南亚
300234	2195	62	44994	recent	-
300235	2144	80	43952	non-western	南亚
300236	2113	68	43316	recent	-
300237	2111	70	43272	non-western	南亚
300238	2110	76	43260	non-western	日韩
300239	2110	46	43259	recent	-
300240	2108	47	43222	recent	-
300241	2099	56	43020	recent	-
300242	2088	75	42808	recent	-
300243	2080	60	42631	non-western	华语
300244	2072	65	42467	recent	-
300245	2068	66	42387	recent	-
300246	2063	80	42295	non-western	东欧·俄罗斯
300247	2061	66	42241	recent	-
300248	2058	55	42189	recent	-
300249	2058	38	42188	non-western	南亚
300250	2057	63	42175	non-western	日韩
300251	2051	64	42037	non-western	南亚
300252	2046	70	41948	recent	-
300253	2039	62	41798	recent	-
300254	2026	70	41531	recent	-
300255	2023	68	41462	non-western	南亚
300256	2020	48	41406	recent	-
300257	2015	62	41316	non-western	南亚
300258	1996	37	40926	non-western	南亚
300259	1991	54	40816	recent	-
300260	1990	52	40792	recent	-
300261	1989	67	40779	recent	-
300262	1977	61	40530	recent	-
300263	1975	68	40489	recent	-
300264	1974	60	40473	recent	-
300265	1962	68	40230	recent	-
300266	1960	67	40173	recent	-
300267	1959	62	40150	recent	-
300268	1957	64	40112	recent	-
300269	1951	74	39987	non-western	西亚·中亚
300270	1945	58	39877	non-western	南亚
300271	1933	72	39618	non-western	日韩
300272	1922	66	39403	recent	-
300273	1904	71	39032	recent	-
300274	1890	40	38743	non-western	南亚
300275	1882	70	38587	recent	-
300276	1874	89	38415	non-western	日韩
300277	1866	54	38249	recent	-
300278	1865	47	38242	recent	-
300279	1854	61	38011	recent	-
300280	1853	58	37984	recent	-
300281	1833	55	37582	recent	-
300282	1816	66	37219	non-western	日韩
300283	1808	66	37064	non-western	南亚
300284	1808	84	37059	non-western	日韩
300285	1806	58	37014	non-western	南亚
300286	1802	73	36938	non-western	南亚
300287	1798	78	36852	non-western	南亚
300288	1790	21	36700	non-western	南亚
300289	1781	56	36502	recent	-
300290	1763	63	36145	recent	-
300291	1756	65	36003	non-western	日韩
300292	1751	55	35904	recent	-
300293	1750	59	35865	recent	-
300294	1748	58	35825	recent	-
300295	1747	65	35818	recent	-
300296	1739	64	35648	non-western	日韩
300297	1732	79	35501	recent	-
300298	1725	82	35371	non-western	南亚
300299	1703	25	34903	recent	-
300300	1697	61	34793	recent	-
300301	1692	50	34676	non-western	南亚
300302	1676	69	34358	non-western	南亚
300303	1667	71	34170	recent	-
300304	1665	78	34128	non-western	南亚
300305	1652	72	33857	recent	-
300306	1651	75	33840	non-western	南亚
300307	1638	73	33588	recent	-
300308	1629	61	33393	recent	-
300309	1613	67	33074	recent	-
300310	1613	47	33060	recent	-
300311	1612	53	33053	recent	-
300312	1611	54	33024	recent	-
300313	1591	57	32621	recent	-
300314	1591	61	32609	non-western	南亚
300315	1584	65	32463	recent	-
300316	1576	55	32315	recent	-
300317	1576	63	32300	recent	-
300318	1570	55	32182	recent	-
300319	1564	59	32070	recent	-
300320	1557	73	31921	non-western	南亚
300321	1551	70	31800	non-western	日韩
300322	1547	59	31721	non-western	南亚
300323	1545	55	31675	recent	-
300324	1538	69	31524	non-western	日韩
300325	1538	47	31522	recent	-
300326	1533	78	31430	non-western	日韩
300327	1530	63	31357	recent	-
300328	1526	69	31284	non-western	华语
300329	1507	77	30898	non-western	南亚
300330	1503	69	30805	non-western	南亚
300331	1496	53	30673	recent	-
300332	1481	66	30363	non-western	南亚
300333	1475	69	30240	recent	-
300334	1449	59	29708	recent	-
300335	1447	41	29657	non-western	拉美
300336	1441	54	29549	recent	-
300337	1441	66	29536	recent	-
300338	1439	55	29493	recent	-
300339	1438	63	29481	recent	-
300340	1434	67	29394	recent	-
300341	1432	57	29349	non-western	南亚
300342	1431	54	29331	non-western	南亚
300343	1426	50	29232	non-western	南亚
300344	1426	56	29231	non-western	南亚
300345	1425	63	29216	non-western	南亚
300346	1424	55	29188	recent	-
300347	1419	78	29097	non-western	南亚
300348	1418	57	29072	recent	-
300349	1410	64	28908	recent	-
300350	1404	56	28774	recent	-
300351	1402	65	28741	non-western	南亚
300352	1389	72	28476	non-western	华语
300353	1384	40	28375	non-western	南亚
300354	1381	52	28311	recent	-
300355	1374	62	28170	recent	-
300356	1367	46	28032	non-western	南亚
300357	1353	47	27745	non-western	南亚
300358	1347	83	27621	non-western	南亚
300359	1347	51	27609	recent	-
300360	1345	57	27564	recent	-
300361	1343	71	27534	non-western	南亚
300362	1328	59	27234	non-western	西亚·中亚
300363	1327	50	27209	recent	-
300364	1326	57	27191	recent	-
300365	1316	51	26973	recent	-
300366	1313	78	26923	recent	-
300367	1308	59	26817	recent	-
300368	1303	57	26707	non-western	南亚
300369	1301	71	26668	recent	-
300370	1300	75	26646	non-western	日韩
300371	1297	42	26591	non-western	南亚
300372	1296	60	26578	non-western	南亚
300373	1294	58	26531	non-western	南亚
300374	1294	68	26528	recent	-
300375	1285	68	26344	non-western	西亚·中亚
300376	1283	74	26295	non-western	南亚
300377	1281	60	26262	recent	-
300378	1280	65	26241	non-western	南亚
300379	1277	74	26186	recent	-
300380	1276	76	26160	recent	-
300381	1275	54	26139	non-western	日韩
300382	1275	51	26129	recent	-
300383	1274	79	26109	non-western	华语
300384	1273	63	26103	recent	-
300385	1269	64	26009	recent	-
300386	1269	55	26005	recent	-
300387	1261	64	25844	non-western	南亚
300388	1256	66	25745	recent	-
300389	1253	59	25679	non-western	南亚
300390	1252	63	25676	recent	-
300391	1252	51	25670	non-western	南亚
300392	1246	54	25552	non-western	南亚
300393	1243	43	25490	non-western	南亚
300394	1242	75	25452	non-western	南亚
300395	1234	60	25294	non-western	南亚
300396	1224	57	25098	recent	-
300397	1220	60	25018	non-western	南亚
300398	1219	78	24988	non-western	南亚
300399	1210	69	24809	recent	-
300400	1209	69	24792	recent	-
300401	1208	84	24762	non-western	西亚·中亚
300402	1206	64	24713	non-western	日韩
300403	1201	61	24627	recent	-
300404	1200	81	24606	non-western	南亚
300405	1198	61	24558	recent	-
300406	1196	78	24515	non-western	日韩
300407	1193	85	24453	non-western	南亚
300408	1174	60	24060	recent	-
300409	1171	62	24012	non-western	南亚
300410	1171	60	24011	non-western	南亚
300411	1161	81	23808	non-western	西亚·中亚
300412	1159	53	23763	recent	-
300413	1156	79	23703	non-western	南亚
300414	1156	51	23689	recent	-
300415	1149	69	23562	recent	-
300416	1148	79	23533	non-western	东南亚
300417	1146	74	23494	recent	-
300418	1141	55	23387	recent	-
300419	1140	65	23374	non-western	南亚
300420	1122	20	22994	non-western	东南亚
300421	1119	76	22932	non-western	南亚
300422	1117	67	22890	recent	-
300423	1116	88	22885	non-western	西亚·中亚
300424	1111	59	22777	recent	-
300425	1111	50	22774	recent	-
300426	1108	65	22717	recent	-
300427	1106	72	22668	recent	-
300428	1105	69	22648	non-western	日韩
300429	1104	59	22639	recent	-
300430	1102	54	22586	recent	-
300431	1099	65	22534	recent	-
300432	1094	54	22432	recent	-
300433	1085	71	22233	non-western	东欧·俄罗斯
300434	1080	77	22145	non-western	南亚
300435	1076	58	22063	recent	-
300436	1074	76	22014	non-western	西亚·中亚
300437	1071	65	21960	recent	-
300438	1069	82	21921	recent	-
300439	1069	65	21916	recent	-
300440	1058	80	21690	non-western	南亚
300441	1054	60	21603	non-western	南亚
300442	1051	47	21549	recent	-
300443	1044	59	21399	recent	-
300444	1040	79	21316	non-western	日韩
300445	1039	75	21305	non-western	西亚·中亚
300446	1033	75	21173	recent	-
300447	1032	75	21158	recent	-
300448	1031	55	21142	recent	-
300449	1031	64	21139	recent	-
300450	1027	64	21046	recent	-
300451	1026	46	21042	recent	-
300452	1023	62	20968	non-western	南亚
300453	1017	75	20851	recent	-
300454	1015	68	20810	recent	-
300455	1014	53	20791	recent	-
300456	1014	48	20784	recent	-
300457	1012	13	20755	non-western	西亚·中亚
300458	1010	67	20706	non-western	南亚
300459	1004	54	20576	recent	-
300460	1003	61	20571	non-western	南亚
300461	1002	72	20551	non-western	南亚
300462	992	67	20344	recent	-
300463	988	87	20258	non-western	南亚
300464	987	68	20229	non-western	日韩
300465	980	56	20098	recent	-
300466	980	73	20082	recent	-
300467	974	43	19966	non-western	南亚
300468	970	57	19884	recent	-
300469	969	63	19868	recent	-
300470	962	77	19724	non-western	南亚
300471	962	50	19714	non-western	南亚
300472	952	78	19522	non-western	南亚
300473	947	66	19409	recent	-
300474	946	38	19402	recent	-
300475	946	52	19398	recent	-
300476	944	53	19357	recent	-
300477	941	55	19295	recent	-
300478	939	62	19249	recent	-
300479	936	62	19186	recent	-
300480	935	33	19159	non-western	南亚
300481	934	49	19148	recent	-
300482	933	58	19132	recent	-
300483	933	50	19126	recent	-
300484	933	49	19121	non-western	南亚
300485	932	57	19107	recent	-
300486	930	62	19073	recent	-
300487	928	87	19034	non-western	日韩
300488	922	70	18892	recent	-
300489	921	68	18878	non-western	东欧·俄罗斯
300490	919	77	18847	non-western	南亚
300491	919	49	18840	recent	-
300492	919	63	18833	recent	-
300493	914	52	18746	recent	-
300494	910	56	18657	recent	-
300495	909	45	18638	recent	-
300496	906	64	18578	recent	-
300497	905	49	18558	recent	-
300498	903	70	18514	non-western	南亚
300499	903	80	18507	non-western	日韩
300500	902	47	18489	non-western	东欧·俄罗斯
300501	900	63	18440	recent	-
300502	899	75	18429	non-western	南亚
300503	898	69	18405	recent	-
300504	897	77	18396	non-western	南亚
300505	897	78	18389	non-western	南亚
300506	891	62	18274	non-western	西亚·中亚
300507	887	67	18175	recent	-
300508	885	91	18147	non-western	南亚,日韩
300509	884	66	18118	non-western	南亚
300510	884	53	18118	non-western	西亚·中亚
300511	880	45	18031	recent	-
300512	879	66	18027	recent	-
300513	879	78	18015	non-western	南亚
300514	875	80	17941	non-western	南亚
300515	874	87	17924	recent	-
300516	871	62	17856	non-western	南亚
300517	869	71	17808	recent	-
300518	865	46	17725	recent	-
300519	860	58	17637	recent	-
300520	859	52	17611	recent	-
300521	859	79	17609	non-western	日韩
300522	859	58	17604	recent	-
300523	853	67	17490	non-western	南亚
300524	853	23	17479	recent	-
300525	852	61	17468	non-western	华语
300526	848	63	17374	non-western	南亚
300527	843	72	17283	non-western	日韩
300528	843	66	17279	non-western	华语
300529	839	70	17196	non-western	南亚
300530	839	83	17194	non-western	南亚
300531	838	37	17170	non-western	南亚
300532	836	65	17136	recent	-
300533	836	56	17134	non-western	南亚
300534	832	77	17055	non-western	南亚
300535	830	64	17023	recent	-
300536	828	73	16969	recent	-
300537	827	79	16957	recent	-
300538	823	73	16862	recent	-
300539	811	59	16623	recent	-
300540	810	70	16597	non-western	华语
300541	808	53	16566	recent	-
300542	807	81	16550	non-western	南亚
300543	804	69	16490	non-western	南亚
300544	804	62	16482	recent	-
300545	798	59	16361	non-western	南亚
300546	796	79	16311	non-western	南亚
300547	794	53	16286	recent	-
300548	790	56	16199	recent	-
300549	788	30	16152	non-western	南亚
300550	787	66	16131	non-western	南亚
300551	787	56	16126	recent	-
300552	782	44	16038	non-western	南亚
300553	780	54	15996	recent	-
300554	774	75	15868	non-western	南亚
300555	774	74	15868	non-western	西亚·中亚
300556	773	38	15843	non-western	东南亚
300557	769	75	15762	non-western	南亚
300558	769	52	15761	recent	-
300559	769	65	15757	non-western	日韩
300560	768	65	15743	non-western	西亚·中亚
300561	767	62	15727	recent	-
300562	766	46	15713	non-western	南亚
300563	766	73	15694	non-western	南亚
300564	765	61	15683	recent	-
300565	762	74	15628	non-western	拉美
300566	760	67	15588	non-western	西亚·中亚
300567	758	81	15547	recent	-
300568	757	74	15513	non-western	南亚
300569	756	71	15493	non-western	南亚
300570	755	82	15484	non-western	华语
300571	754	53	15455	recent	-
300572	753	70	15437	recent	-
300573	749	65	15360	recent	-
300574	747	53	15320	recent	-
300575	747	67	15313	non-western	南亚
300576	742	47	15212	recent	-
300577	733	61	15023	non-western	南亚
300578	731	60	14987	recent	-
300579	730	76	14968	non-western	西亚·中亚
300580	730	57	14958	recent	-
300581	728	70	14920	non-western	华语
300582	725	65	14858	non-western	南亚
300583	723	74	14821	non-western	南亚
300584	722	64	14805	recent	-
300585	720	79	14766	non-western	南亚
300586	719	63	14746	recent	-
300587	718	58	14723	recent	-
300588	716	69	14668	non-western	南亚
300589	709	54	14543	recent	-
300590	709	62	14535	recent	-
300591	708	71	14504	non-western	南亚
300592	707	41	14500	non-western	南亚
300593	705	62	14447	non-western	南亚
300594	704	61	14434	non-western	南亚
300595	703	42	14418	recent	-
300596	703	70	14408	non-western	南亚
300597	699	85	14326	non-western	南亚
300598	697	69	14280	non-western	南亚
300599	696	53	14278	recent	-
300600	696	64	14265	non-western	南亚
300601	695	59	14239	recent	-
300602	694	61	14227	non-western	南亚
300603	694	78	14217	non-western	南亚
300604	692	70	14179	non-western	南亚
300605	692	60	14178	non-western	日韩
300606	691	63	14156	recent	-
300607	690	74	14149	recent	-
300608	689	65	14134	non-western	南亚
300609	689	60	14134	recent	-
300610	687	68	14084	non-western	南亚
300611	683	71	14005	non-western	南亚
300612	682	49	13972	non-western	南亚
300613	680	76	13940	non-western	日韩
300614	679	77	13916	recent	-
300615	677	74	13884	non-western	南亚
300616	677	71	13882	recent	-
300617	677	57	13880	recent	-
300618	676	46	13859	recent	-
300619	675	34	13834	non-western	南亚
300620	672	62	13777	recent	-
300621	669	72	13712	non-western	南亚
300622	668	57	13694	recent	-
300623	668	53	13691	non-western	南亚
300624	667	71	13665	recent	-
300625	665	73	13626	non-western	日韩
300626	664	60	13622	non-western	南亚
300627	663	61	13587	recent	-
300628	662	80	13578	non-western	南亚
300629	659	80	13506	recent	-
300630	658	77	13486	recent	-
300631	656	57	13456	recent	-
300632	656	64	13453	non-western	日韩
300633	652	39	13358	recent	-
300634	651	60	13344	recent	-
300635	651	70	13336	recent	-
300636	647	74	13264	recent	-
300637	645	77	13223	non-western	南亚
300638	640	49	13111	non-western	南亚
300639	639	46	13094	recent	-
300640	638	69	13077	non-western	南亚
300641	638	57	13072	recent	-
300642	638	42	13071	recent	-
300643	637	84	13053	non-western	西亚·中亚
300644	636	70	13035	non-western	南亚
300645	634	63	13005	recent	-
300646	634	63	12993	non-western	南亚
300647	632	69	12951	non-western	华语
300648	632	80	12951	recent	-
300649	631	60	12936	non-western	日韩
300650	631	42	12932	recent	-
300651	629	57	12900	recent	-
300652	629	58	12896	non-western	日韩
300653	627	65	12861	non-western	南亚
300654	626	74	12834	non-western	南亚
300655	626	71	12833	non-western	南亚
300656	626	74	12824	non-western	南亚
300657	622	68	12754	non-western	南亚
300658	621	76	12735	non-western	南亚
300659	621	55	12727	non-western	南亚
300660	618	69	12677	non-western	南亚
300661	613	79	12576	non-western	南亚
300662	613	58	12574	recent	-
300663	612	75	12547	recent	-
300664	611	71	12526	recent	-
300665	610	68	12507	non-western	日韩
300666	608	59	12462	non-western	南亚
300667	606	64	12426	non-western	南亚
300668	606	73	12426	recent	-
300669	605	68	12404	non-western	南亚
300670	604	68	12392	non-western	南亚
300671	600	85	12295	non-western	西亚·中亚
300672	599	52	12274	non-western	南亚
300673	598	48	12265	recent	-
300674	597	60	12234	non-western	南亚
300675	596	71	12208	recent	-
300676	595	68	12188	non-western	西亚·中亚
300677	594	80	12176	non-western	南亚
300678	593	51	12165	non-western	南亚
300679	589	63	12078	non-western	南亚
300680	587	36	12034	non-western	南亚
300681	586	68	12008	non-western	南亚
300682	585	74	12002	non-western	南亚
300683	585	58	12001	recent	-
300684	584	53	11976	recent	-
300685	583	66	11953	non-western	西亚·中亚
300686	583	61	11953	recent	-
300687	583	80	11952	recent	-
300688	581	75	11920	non-western	南亚
300689	581	49	11909	recent	-
300690	581	74	11906	non-western	南亚
300691	579	83	11878	non-western	南亚
300692	578	70	11847	recent	-
300693	574	53	11776	recent	-
300694	574	73	11762	recent	-
300695	574	62	11759	recent	-
300696	573	53	11755	recent	-
300697	572	61	11728	non-western	东欧·俄罗斯,日韩
300698	571	55	11711	recent	-
300699	570	74	11695	non-western	西亚·中亚
300700	569	56	11662	non-western	南亚
300701	567	59	11630	recent	-
300702	567	65	11618	non-western	东南亚
300703	567	49	11615	recent	-
300704	566	61	11601	non-western	南亚
300705	566	76	11596	recent	-
300706	565	40	11584	non-western	南亚
300707	565	73	11583	non-western	东欧·俄罗斯
300708	565	77	11573	recent	-
300709	564	43	11557	non-western	南亚
300710	562	57	11513	recent	-
300711	561	70	11498	non-western	南亚
300712	559	75	11459	non-western	南亚
300713	558	54	11440	non-western	南亚
300714	558	47	11434	non-western	南亚
300715	558	58	11434	non-western	南亚
300716	557	71	11423	non-western	日韩
300717	557	70	11413	non-western	东欧·俄罗斯
300718	555	65	11387	non-western	南亚
300719	555	40	11382	recent	-
300720	555	65	11371	non-western	日韩
300721	555	77	11370	non-western	南亚
300722	554	59	11355	non-western	南亚
300723	553	73	11336	non-western	日韩
300724	553	52	11334	recent	-
300725	552	55	11314	recent	-
300726	551	61	11304	recent	-
300727	551	66	11288	non-western	南亚
300728	550	66	11277	non-western	南亚
300729	550	65	11266	non-western	南亚
300730	547	57	11221	recent	-
300731	547	72	11214	non-western	南亚
300732	547	56	11210	recent	-
300733	547	61	11208	recent	-
300734	545	65	11163	non-western	南亚
300735	544	50	11158	recent	-
300736	543	74	11132	non-western	日韩
300737	542	69	11117	non-western	日韩
300738	542	67	11117	recent	-
300739	542	60	11101	non-western	南亚
300740	539	47	11058	non-western	南亚
300741	539	83	11052	non-western	日韩
300742	539	75	11047	non-western	西亚·中亚
300743	538	50	11036	non-western	南亚
300744	537	64	11004	non-western	东欧·俄罗斯
300745	536	53	10996	recent	-
300746	536	58	10993	recent	-
300747	534	72	10955	non-western	华语
300748	534	56	10950	non-western	南亚
300749	534	55	10950	recent	-
300750	533	67	10935	recent	-
300751	533	61	10931	non-western	南亚
300752	533	61	10917	recent	-
300753	532	84	10909	recent	-
300754	532	64	10902	recent	-
300755	532	68	10901	non-western	南亚
300756	529	57	10845	recent	-
300757	528	26	10832	non-western	南亚
300758	528	74	10822	non-western	西亚·中亚
300759	528	53	10820	non-western	西亚·中亚
300760	527	50	10797	non-western	南亚
300761	526	67	10775	non-western	南亚
300762	524	63	10736	non-western	南亚
300763	523	64	10727	non-western	拉美
300764	519	63	10635	recent	-
300765	518	37	10629	non-western	南亚
300766	518	55	10618	recent	-
300767	517	12	10599	non-western	西亚·中亚
300768	515	67	10560	non-western	南亚
300769	515	35	10556	non-western	南亚
300770	512	74	10502	recent	-
300771	511	27	10483	recent	-
300772	511	68	10478	non-western	南亚
300773	511	76	10473	non-western	南亚
300774	510	44	10464	recent	-
300775	509	82	10441	non-western	南亚
300776	508	71	10416	non-western	南亚
300777	508	58	10404	recent	-
300778	507	73	10398	recent	-
300779	506	64	10376	non-western	南亚
300780	506	14	10369	non-western	西亚·中亚
300781	506	80	10369	non-western	西亚·中亚
300782	505	70	10344	non-western	南亚
300783	504	76	10330	non-western	南亚
300784	504	53	10330	recent	-
300785	502	59	10297	recent	-
300786	502	79	10283	non-western	南亚
300787	501	75	10279	non-western	南亚
300788	501	46	10276	non-western	南亚
300789	501	75	10262	non-western	西亚·中亚
300790	501	64	10262	recent	-
300791	500	57	10250	non-western	南亚
300792	500	62	10250	recent	-
300793	500	60	10246	recent	-
300794	498	54	10205	recent	-
300795	498	57	10204	non-western	南亚
300796	497	72	10189	non-western	南亚
300797	495	74	10152	non-western	南亚
300798	495	81	10147	non-western	南亚
300799	492	57	10083	recent	-
300800	492	59	10081	recent	-
300801	492	56	10078	non-western	南亚
300802	491	73	10064	non-western	日韩
300803	490	73	10054	non-western	华语
300804	490	57	10050	recent	-
300805	490	89	10050	recent	-
300806	490	47	10036	recent	-
300807	489	75	10015	non-western	南亚
300808	488	72	10004	recent	-
300809	488	75	9998	non-western	南亚
300810	487	47	9989	recent	-
300811	484	75	9929	non-western	南亚
300812	483	62	9910	non-western	南亚
300813	483	64	9908	non-western	南亚
300814	480	57	9840	recent	-
300815	479	33	9816	non-western	西亚·中亚
300816	478	70	9790	non-western	日韩
300817	477	75	9784	recent	-
300818	477	57	9776	recent	-
300819	476	82	9765	non-western	南亚
300820	476	54	9764	non-western	南亚
300821	476	16	9753	non-western	西亚·中亚
300822	476	46	9749	non-western	西亚·中亚
300823	475	55	9747	recent	-
300824	475	75	9743	non-western	东欧·俄罗斯
300825	475	62	9737	recent	-
300826	474	61	9722	non-western	南亚
300827	474	67	9721	recent	-
300828	472	42	9685	non-western	南亚
300829	472	62	9679	non-western	日韩
300830	472	39	9678	non-western	南亚
300831	472	65	9674	non-western	日韩
300832	472	79	9674	recent	-
300833	471	58	9652	non-western	南亚
300834	471	69	9651	non-western	日韩
300835	470	25	9643	non-western	南亚
300836	470	64	9641	non-western	南亚
300837	470	69	9635	recent	-
300838	470	57	9627	recent	-
300839	469	75	9612	non-western	东欧·俄罗斯
300840	469	78	9607	non-western	南亚
300841	469	62	9605	recent	-
300842	467	71	9579	recent	-
300843	465	31	9526	non-western	南亚
300844	463	71	9500	non-western	南亚
300845	463	71	9495	non-western	拉美
300846	463	57	9491	recent	-
300847	463	57	9486	recent	-
300848	462	57	9477	recent	-
300849	462	65	9470	recent	-
300850	462	72	9464	recent	-
300851	461	63	9453	recent	-
300852	460	65	9430	non-western	南亚
300853	460	23	9427	non-western	南亚
300854	459	61	9417	non-western	南亚
300855	459	55	9416	recent	-
300856	459	60	9412	non-western	南亚
300857	459	58	9412	recent	-
300858	459	53	9403	recent	-
300859	459	70	9401	non-western	西亚·中亚
300860	458	30	9380	non-western	南亚
300861	457	66	9374	recent	-
300862	456	72	9356	non-western	南亚
300863	455	18	9335	non-western	南亚
300864	455	63	9330	recent	-
300865	455	63	9327	non-western	南亚
300866	451	66	9245	non-western	南亚
300867	451	56	9245	non-western	南亚
300868	450	70	9233	recent	-
300869	450	72	9219	recent	-
300870	449	52	9196	non-western	南亚
300871	448	47	9178	recent	-
300872	447	46	9166	recent	-
300873	446	57	9147	non-western	西亚·中亚
300874	444	76	9107	non-western	日韩
300875	443	56	9077	recent	-
300876	442	61	9065	non-western	南亚
300877	442	69	9061	non-western	日韩
300878	442	77	9055	non-western	南亚
300879	440	65	9028	recent	-
300880	440	64	9026	non-western	南亚
300881	440	58	9022	recent	-
300882	440	61	9016	recent	-
300883	439	70	9006	non-western	南亚
300884	439	59	9002	non-western	日韩
300885	438	62	8984	recent	-
300886	437	81	8963	non-western	南亚
300887	437	74	8961	non-western	南亚
300888	437	85	8950	non-western	南亚
300889	436	55	8947	recent	-
300890	436	62	8946	non-western	拉美
300891	436	73	8945	non-western	南亚
300892	435	54	8920	non-western	南亚
300893	434	77	8889	non-western	南亚
300894	434	54	8888	non-western	西亚·中亚
300895	433	71	8878	recent	-
300896	433	73	8872	recent	-
300897	432	52	8866	non-western	南亚
300898	431	65	8845	non-western	南亚
300899	431	59	8842	non-western	西亚·中亚
300900	430	67	8822	non-western	南亚
300901	430	73	8805	non-western	华语
300902	429	64	8798	recent	-
300903	429	69	8792	non-western	南亚
300904	427	51	8761	non-western	南亚
300905	427	65	8752	recent	-
300906	427	60	8750	recent	-
300907	426	43	8735	recent	-
300908	426	72	8729	non-western	南亚
300909	426	78	8728	non-western	日韩
300910	425	68	8706	non-western	日韩
300911	425	68	8704	recent	-
300912	424	67	8699	recent	-
300913	424	50	8694	non-western	南亚
300914	423	73	8676	non-western	南亚
300915	423	77	8673	recent	-
300916	423	82	8667	non-western	南亚
300917	423	79	8662	non-western	西亚·中亚
300918	422	56	8654	recent	-
300919	422	66	8650	recent	-
300920	422	47	8648	recent	-
300921	422	62	8647	recent	-
300922	421	78	8640	non-western	南亚
300923	421	60	8635	non-western	南亚
300924	421	64	8635	non-western	南亚
300925	420	69	8617	non-western	南亚
300926	420	74	8605	recent	-
300927	417	66	8553	non-western	南亚
300928	417	77	8539	recent	-
300929	416	75	8538	recent	-
300930	416	62	8537	non-western	南亚
300931	416	53	8531	non-western	西亚·中亚
300932	416	66	8529	non-western	南亚
300933	416	56	8522	non-western	南亚
300934	416	77	8521	non-western	西亚·中亚
300935	415	64	8504	recent	-
300936	414	67	8494	recent	-
300937	413	49	8469	recent	-
300938	413	65	8468	recent	-
300939	412	30	8450	non-western	南亚
300940	410	75	8401	recent	-
300941	410	50	8396	recent	-
300942	409	43	8389	non-western	日韩
300943	408	83	8373	non-western	南亚
300944	408	71	8361	non-western	日韩
300945	407	72	8349	non-western	南亚
300946	407	65	8347	non-western	日韩
300947	407	72	8347	non-western	南亚
300948	407	66	8337	recent	-
300949	407	50	8336	non-western	南亚
300950	406	68	8323	non-western	南亚
300951	404	81	8288	non-western	南亚
300952	404	62	8286	recent	-
300953	404	57	8281	recent	-
300954	404	70	8276	non-western	南亚
300955	403	58	8255	non-western	南亚
300956	402	81	8244	non-western	南亚
300957	402	69	8232	recent	-
300958	400	56	8210	recent	-
300959	400	69	8208	non-western	南亚
300960	400	57	8208	recent	-
300961	400	52	8204	recent	-
300962	400	76	8200	non-western	西亚·中亚
300963	400	66	8197	recent	-
300964	399	81	8187	non-western	西亚·中亚
300965	399	59	8171	non-western	西亚·中亚
300966	398	76	8161	non-western	拉美
300967	397	64	8147	recent	-
300968	396	50	8126	recent	-
300969	396	62	8120	recent	-
300970	395	76	8095	non-western	南亚
300971	395	63	8094	non-western	南亚
300972	394	67	8079	recent	-
300973	394	78	8072	non-western	拉美
300974	393	76	8066	non-western	南亚
300975	393	59	8059	recent	-
300976	393	71	8048	non-western	日韩
300977	392	52	8037	non-western	西亚·中亚
300978	392	72	8035	non-western	西亚·中亚
300979	391	62	8022	non-western	西亚·中亚
300980	391	64	8010	recent	-
300981	390	80	8004	non-western	南亚
300982	390	76	7998	recent	-
300983	389	74	7979	recent	-
300984	389	62	7969	recent	-
300985	389	68	7965	non-western	拉美
300986	388	61	7960	recent	-
300987	388	62	7957	non-western	西亚·中亚
300988	388	65	7951	non-western	南亚
300989	388	64	7944	non-western	东欧·俄罗斯
300990	387	66	7930	non-western	南亚
300991	386	65	7907	non-western	南亚
300992	385	61	7898	recent	-
300993	385	56	7896	recent	-
300994	385	70	7887	non-western	南亚
300995	384	69	7882	non-western	南亚
300996	384	55	7878	non-western	南亚
300997	384	62	7877	recent	-
300998	384	66	7862	recent	-
300999	381	69	7817	non-western	日韩
301000	381	74	7817	non-western	南亚
301001	381	64	7812	recent	-
301002	380	72	7780	non-western	南亚
301003	379	43	7772	recent	-
301004	379	65	7771	non-western	日韩
301005	379	65	7761	non-western	西亚·中亚
301006	378	45	7753	recent	-
301007	378	72	7751	non-western	南亚
301008	377	42	7732	recent	-
301009	377	82	7726	non-western	日韩
301010	376	85	7715	non-western	南亚
301011	376	63	7710	recent	-
301012	376	63	7698	non-western	南亚
301013	375	77	7694	non-western	西亚·中亚
301014	375	68	7691	non-western	南亚
301015	374	58	7658	non-western	南亚
301016	373	63	7649	non-western	西亚·中亚
301017	373	46	7643	recent	-
301018	372	73	7635	non-western	华语,日韩
301019	372	70	7622	recent	-
301020	371	59	7604	non-western	南亚
301021	370	69	7579	recent	-
301022	369	65	7567	recent	-
301023	369	66	7562	non-western	日韩
301024	368	40	7537	recent	-
301025	367	47	7517	non-western	南亚
301026	366	70	7505	non-western	南亚
301027	366	61	7500	non-western	华语
301028	365	74	7486	recent	-
301029	364	55	7469	recent	-
301030	364	57	7463	non-western	华语
301031	364	55	7461	recent	-
301032	364	72	7454	non-western	南亚
301033	363	71	7449	recent	-
301034	363	63	7445	recent	-
301035	362	75	7430	recent	-
301036	362	68	7429	recent	-
301037	362	43	7418	non-western	南亚
301038	362	66	7417	recent	-
301039	362	46	7412	recent	-
301040	361	67	7409	non-western	南亚
301041	361	45	7408	recent	-
301042	361	71	7407	non-western	东欧·俄罗斯
301043	360	68	7390	non-western	南亚
301044	360	61	7390	recent	-
301045	360	76	7388	non-western	南亚
301046	360	67	7384	recent	-
301047	360	63	7383	non-western	南亚
301048	360	62	7372	non-western	华语
301049	360	67	7372	non-western	南亚
301050	359	63	7351	non-western	日韩
301051	358	52	7343	recent	-
301052	358	83	7339	non-western	南亚
301053	357	65	7328	non-western	南亚
301054	357	66	7321	non-western	日韩
301055	356	62	7303	recent	-
301056	356	76	7294	non-western	西亚·中亚
301057	356	66	7293	non-western	日韩
301058	355	53	7282	non-western	东南亚
301059	355	67	7280	recent	-
301060	355	63	7272	non-western	南亚
301061	354	74	7262	non-western	南亚
301062	354	65	7249	non-western	南亚
301063	352	72	7226	non-western	南亚
301064	352	77	7222	non-western	西亚·中亚
301065	352	57	7222	recent	-
301066	352	12	7221	non-western	南亚
301067	351	72	7205	non-western	南亚
301068	351	56	7190	non-western	南亚
301069	351	70	7186	non-western	南亚
301070	350	66	7181	non-western	南亚
301071	350	56	7170	non-western	南亚
301072	350	16	7167	non-western	西亚·中亚
301073	349	55	7148	recent	-
301074	348	60	7140	recent	-
301075	348	41	7134	recent	-
301076	347	69	7117	recent	-
301077	347	74	7116	non-western	西亚·中亚
301078	347	15	7112	non-western	西亚·中亚
301079	347	62	7111	non-western	南亚
301080	346	51	7098	recent	-
301081	345	56	7078	recent	-
301082	344	10	7059	recent	-
301083	344	57	7045	non-western	南亚
301084	343	62	7040	non-western	南亚
301085	343	57	7031	recent	-
301086	342	44	7014	recent	-
301087	342	55	7008	recent	-
301088	342	41	7003	non-western	南亚
301089	340	75	6968	non-western	南亚
301090	340	58	6967	non-western	日韩
301091	340	62	6961	non-western	南亚
301092	340	70	6960	recent	-
301093	339	63	6941	non-western	西亚·中亚
301094	338	53	6934	recent	-
301095	338	71	6933	non-western	西亚·中亚
301096	338	82	6928	non-western	南亚
301097	337	46	6915	non-western	南亚
301098	336	53	6898	recent	-
301099	336	81	6884	recent	-
301100	336	70	6883	non-western	南亚
301101	333	80	6827	recent	-
301102	333	48	6817	recent	-
301103	332	56	6811	recent	-
301104	332	54	6809	non-western	日韩
301105	332	62	6806	recent	-
301106	330	62	6762	recent	-
301107	330	59	6759	recent	-
301108	330	59	6756	non-western	南亚
301109	329	37	6749	recent	-
301110	329	66	6748	recent	-
301111	329	78	6738	recent	-
301112	328	71	6730	non-western	西亚·中亚
301113	327	64	6696	recent	-
301114	326	66	6692	recent	-
301115	326	59	6691	recent	-
301116	325	75	6667	non-western	日韩
301117	325	47	6667	non-western	南亚
301118	325	42	6663	recent	-
301119	324	75	6640	non-western	南亚
301120	324	68	6632	recent	-
301121	323	24	6622	recent	-
301122	323	66	6620	non-western	南亚
301123	323	79	6612	non-western	南亚
301124	322	43	6609	recent	-
301125	322	85	6603	non-western	日韩
301126	322	76	6597	non-western	日韩
301127	321	67	6588	non-western	南亚
301128	321	63	6581	non-western	西亚·中亚
301129	321	71	6581	recent	-
301130	321	67	6579	recent	-
301131	321	36	6577	non-western	南亚
301132	321	72	6577	recent	-
301133	321	39	6573	non-western	南亚
301134	320	62	6570	recent	-
301135	320	53	6563	non-western	南亚
301136	320	59	6557	recent	-
301137	319	66	6547	non-western	南亚
301138	318	48	6529	recent	-
301139	318	44	6524	recent	-
301140	318	61	6519	recent	-
301141	318	68	6518	non-western	日韩
301142	318	69	6514	non-western	南亚
301143	317	57	6508	recent	-
301144	316	70	6470	non-western	日韩
301145	316	52	6469	recent	-
301146	315	61	6464	recent	-
301147	315	35	6463	non-western	南亚
301148	315	67	6451	non-western	南亚
301149	315	66	6449	non-western	南亚
301150	314	66	6442	non-western	华语
301151	314	60	6432	non-western	拉美
301152	314	48	6432	recent	-
301153	313	62	6425	non-western	南亚
301154	313	41	6425	recent	-
301155	313	54	6424	recent	-
301156	313	70	6421	non-western	日韩
301157	312	66	6400	non-western	南亚
301158	312	66	6397	recent	-
301159	312	82	6386	recent	-
301160	312	58	6386	recent	-
301161	311	83	6381	non-western	南亚
301162	311	70	6373	non-western	南亚
301163	311	63	6368	non-western	日韩
301164	311	32	6367	non-western	西亚·中亚
301165	310	78	6358	non-western	拉美
301166	310	54	6358	recent	-
301167	310	81	6355	non-western	南亚
301168	310	79	6350	non-western	南亚
301169	310	58	6346	recent	-
301170	309	55	6342	non-western	南亚
301171	309	57	6341	non-western	南亚
301172	309	77	6338	non-western	东欧·俄罗斯
301173	309	72	6335	non-western	东欧·俄罗斯
301174	309	54	6331	recent	-
301175	309	70	6330	non-western	南亚
301176	309	60	6325	non-western	南亚
301177	308	70	6320	recent	-
301178	308	78	6312	recent	-
301179	307	80	6303	non-western	南亚
301180	307	80	6299	non-western	南亚
301181	307	33	6298	non-western	西亚·中亚
301182	307	67	6298	recent	-
301183	307	67	6294	non-western	南亚
301184	307	49	6291	recent	-
301185	307	58	6290	non-western	南亚
301186	306	72	6265	non-western	南亚
301187	306	87	6265	recent	-
301188	306	78	6265	recent	-
301189	306	70	6263	non-western	南亚
301190	305	42	6257	non-western	南亚
301191	305	63	6255	non-western	南亚
301192	305	41	6252	non-western	南亚
301193	305	76	6252	recent	-
301194	305	51	6249	recent	-
301195	305	71	6247	non-western	南亚
301196	304	62	6233	non-western	南亚
301197	304	65	6229	non-western	南亚
301198	304	58	6228	recent	-
301199	303	43	6217	recent	-
301200	303	48	6211	non-western	南亚
301201	303	74	6208	non-western	南亚
301202	303	67	6202	non-western	南亚
301203	302	79	6195	non-western	南亚
301204	302	76	6195	non-western	南亚
301205	302	69	6191	non-western	南亚
301206	302	40	6189	non-western	西亚·中亚
301207	302	55	6185	non-western	南亚
301208	302	62	6184	non-western	南亚
301209	301	85	6172	recent	-
301210	301	70	6170	non-western	南亚
301211	301	58	6167	non-western	南亚
301212	300	60	6148	non-western	南亚
301213	299	75	6138	non-western	南亚
301214	299	36	6137	recent	-
301215	299	74	6135	non-western	南亚
301216	299	53	6132	recent	-
301217	299	72	6121	non-western	南亚
301218	298	74	6105	non-western	西亚·中亚
301219	297	58	6098	non-western	西亚·中亚
301220	297	65	6096	non-western	南亚
301221	297	66	6094	non-western	南亚
301222	297	58	6090	non-western	南亚
301223	297	60	6088	non-western	日韩
301224	297	80	6087	non-western	南亚
301225	297	71	6081	non-western	华语
301226	297	61	6081	recent	-
301227	296	52	6069	recent	-
301228	296	47	6067	recent	-
301229	296	67	6067	recent	-
301230	296	54	6064	recent	-
301231	296	73	6061	non-western	南亚
301232	295	54	6050	non-western	西亚·中亚
301233	294	76	6036	non-western	南亚
301234	294	49	6034	recent	-
301235	294	52	6027	recent	-
301236	294	61	6017	recent	-
301237	293	72	6016	non-western	南亚
301238	293	61	6005	non-western	西亚·中亚
301239	292	69	5981	recent	-
301240	292	55	5979	non-western	南亚
301241	291	85	5974	non-western	南亚
301242	291	42	5972	non-western	西亚·中亚
301243	291	69	5970	non-western	南亚
301244	290	76	5936	non-western	西亚·中亚
301245	289	65	5917	non-western	南亚
301246	289	56	5916	non-western	南亚
301247	289	55	5915	non-western	南亚
301248	287	46	5893	non-western	南亚
301249	287	49	5883	non-western	南亚
301250	287	72	5883	non-western	南亚
301251	287	55	5883	non-western	南亚
301252	287	58	5879	recent	-
301253	287	74	5874	non-western	南亚
301254	286	64	5872	non-western	南亚
301255	286	44	5871	non-western	南亚
301256	286	67	5864	non-western	南亚
301257	286	58	5863	recent	-
301258	286	60	5860	non-western	日韩
301259	286	81	5860	non-western	南亚
301260	286	72	5854	non-western	华语
301261	286	60	5854	non-western	南亚
301262	285	64	5845	non-western	南亚
301263	285	57	5835	recent	-
301264	284	72	5831	non-western	南亚
301265	284	51	5828	non-western	南亚
301266	284	71	5827	non-western	日韩
301267	284	41	5821	non-western	南亚
301268	284	76	5816	non-western	南亚
301269	284	64	5812	non-western	西亚·中亚
301270	283	61	5810	recent	-
301271	282	75	5787	non-western	东南亚
301272	282	46	5783	non-western	西亚·中亚
301273	282	70	5782	recent	-
301274	282	84	5771	recent	-
301275	281	84	5757	non-western	日韩
301276	281	77	5756	non-western	南亚
301277	281	73	5755	non-western	拉美
301278	281	53	5751	non-western	南亚
301279	279	63	5728	non-western	东南亚
301280	279	46	5711	recent	-
301281	279	48	5710	recent	-
301282	278	46	5694	non-western	南亚
301283	278	75	5692	non-western	南亚
301284	278	64	5689	non-western	西亚·中亚
301285	277	54	5681	non-western	南亚
301286	277	66	5678	non-western	南亚
301287	277	51	5673	non-western	东南亚
301288	277	55	5670	non-western	南亚
301289	276	68	5663	recent	-
301290	276	82	5661	non-western	南亚
301291	276	79	5657	non-western	南亚
301292	276	57	5652	non-western	南亚
301293	275	81	5643	non-western	南亚
301294	275	87	5642	non-western	南亚
301295	275	38	5636	non-western	南亚
301296	275	52	5635	non-western	南亚
301297	275	65	5632	non-western	华语
301298	275	75	5628	non-western	南亚
301299	274	61	5627	non-western	南亚
301300	274	52	5618	recent	-
301301	274	59	5612	non-western	南亚
301302	273	66	5604	non-western	南亚
301303	273	71	5603	non-western	西亚·中亚
301304	273	64	5599	non-western	南亚
301305	272	64	5583	recent	-
301306	272	54	5567	non-western	南亚
301307	271	38	5565	recent	-
301308	271	52	5560	recent	-
301309	271	44	5558	non-western	南亚
301310	271	58	5557	recent	-
301311	271	43	5556	non-western	南亚
301312	271	41	5549	recent	-
301313	270	74	5540	non-western	南亚
301314	270	43	5539	recent	-
301315	270	39	5530	recent	-
301316	270	71	5529	non-western	南亚
301317	270	36	5528	non-western	南亚
301318	270	61	5526	non-western	日韩
301319	270	58	5525	non-western	西亚·中亚
301320	269	84	5524	non-western	西亚·中亚
301321	269	66	5508	non-western	日韩
301322	269	78	5508	non-western	南亚
301323	268	53	5493	recent	-
301324	268	58	5491	non-western	拉美
301325	268	66	5490	non-western	南亚
301326	268	67	5488	non-western	南亚
301327	268	73	5484	recent	-
301328	267	61	5475	non-western	南亚
301329	267	55	5466	recent	-
301330	266	67	5462	non-western	南亚
301331	266	59	5462	non-western	南亚
301332	266	64	5457	recent	-
301333	266	72	5454	recent	-
301334	266	83	5443	non-western	南亚
301335	265	83	5441	recent	-
301336	265	59	5439	non-western	南亚
301337	265	70	5437	non-western	西亚·中亚
301338	265	62	5427	non-western	南亚
301339	263	70	5397	non-western	拉美
301340	263	83	5393	non-western	南亚
301341	263	61	5392	non-western	南亚
301342	262	59	5380	non-western	西亚·中亚
301343	262	53	5380	recent	-
301344	262	69	5378	non-western	南亚
301345	262	65	5378	non-western	南亚
301346	262	65	5375	recent	-
301347	262	48	5372	recent	-
301348	262	83	5364	recent	-
301349	261	64	5356	non-western	日韩
301350	261	55	5354	recent	-
301351	261	66	5344	non-western	南亚
301352	261	60	5344	recent	-
301353	260	62	5331	non-western	南亚
301354	260	63	5327	recent	-
301355	260	74	5322	non-western	东欧·俄罗斯
301356	259	57	5309	non-western	华语
301357	259	77	5308	non-western	南亚
301358	259	75	5304	recent	-
301359	258	69	5295	recent	-
301360	258	55	5286	non-western	西亚·中亚
301361	258	53	5286	recent	-
301362	258	72	5282	non-western	南亚
301363	257	79	5271	non-western	南亚
301364	257	54	5266	non-western	南亚
301365	257	70	5260	non-western	西亚·中亚
301366	257	71	5259	non-western	南亚
301367	256	73	5257	non-western	西亚·中亚
301368	256	56	5253	non-western	西亚·中亚
301369	256	67	5248	recent	-
301370	256	70	5241	non-western	西亚·中亚
301371	255	70	5233	non-western	南亚
301372	255	58	5230	recent	-
301373	255	75	5224	non-western	日韩
301374	255	62	5223	non-western	南亚
301375	255	59	5221	non-western	南亚
301376	255	49	5221	non-western	东南亚
301377	254	67	5215	non-western	西亚·中亚
301378	254	66	5204	non-western	南亚
301379	254	66	5204	non-western	南亚
301380	254	59	5199	non-western	南亚
301381	254	69	5199	recent	-
301382	253	67	5196	non-western	南亚
301383	253	70	5193	non-western	南亚
301384	253	51	5191	non-western	南亚
301385	253	44	5191	non-western	南亚
301386	253	50	5187	recent	-
301387	253	68	5186	recent	-
301388	253	59	5185	recent	-
301389	252	75	5173	non-western	日韩
301390	252	82	5172	non-western	南亚
301391	252	78	5171	non-western	南亚
301392	252	60	5168	non-western	西亚·中亚
301393	252	67	5161	recent	-
301394	252	45	5160	recent	-
301395	251	56	5148	non-western	南亚
301396	251	62	5137	non-western	南亚
301397	250	62	5129	recent	-
301398	250	40	5123	non-western	南亚
301399	250	73	5118	non-western	南亚
301400	250	47	5116	non-western	南亚
301401	249	55	5111	recent	-
301402	249	77	5107	non-western	南亚
301403	249	68	5102	non-western	南亚
301404	249	48	5096	non-western	西亚·中亚
301405	249	64	5095	non-western	南亚
301406	249	64	5095	recent	-
301407	248	37	5094	non-western	南亚
301408	248	60	5088	non-western	南亚
301409	248	79	5087	non-western	南亚
301410	248	39	5086	non-western	南亚
301411	248	65	5081	non-western	华语
301412	248	85	5078	non-western	南亚
301413	248	72	5078	non-western	拉美
301414	248	84	5077	non-western	东欧·俄罗斯
301415	248	67	5076	non-western	日韩
301416	248	33	5076	recent	-
301417	247	72	5073	recent	-
301418	247	47	5071	non-western	南亚
301419	247	42	5069	non-western	拉美
301420	247	56	5067	recent	-
301421	247	72	5063	recent	-
301422	247	61	5062	recent	-
301423	247	81	5059	non-western	南亚
301424	246	82	5052	non-western	南亚
301425	246	61	5051	recent	-
301426	246	75	5049	recent	-
301427	246	57	5044	recent	-
301428	246	71	5042	recent	-
301429	246	68	5041	non-western	南亚
301430	246	70	5038	non-western	南亚
301431	245	41	5032	non-western	南亚
301432	245	62	5032	non-western	西亚·中亚
301433	245	53	5030	non-western	南亚
301434	245	55	5030	recent	-
301435	245	62	5030	recent	-
301436	245	59	5029	recent	-
301437	245	51	5024	recent	-
301438	245	71	5021	non-western	日韩
301439	245	53	5017	recent	-
301440	245	70	5015	non-western	日韩
301441	245	49	5015	non-western	南亚
301442	244	62	5005	non-western	日韩
301443	244	67	5001	non-western	拉美
301444	244	58	4998	non-western	南亚
301445	244	53	4998	non-western	南亚
301446	244	63	4994	recent	-
301447	243	75	4988	non-western	西亚·中亚
301448	243	59	4984	non-western	南亚
301449	243	53	4984	non-western	南亚
301450	243	75	4981	non-western	南亚
301451	243	58	4978	non-western	西亚·中亚
301452	243	60	4976	recent	-
301453	243	50	4975	non-western	南亚
301454	242	73	4967	non-western	南亚
301455	242	45	4963	non-western	南亚
301456	242	61	4960	recent	-
301457	242	78	4953	non-western	南亚
301458	241	39	4950	non-western	西亚·中亚
301459	241	68	4949	recent	-
301460	241	47	4946	non-western	南亚
301461	241	77	4946	non-western	西亚·中亚
301462	241	69	4937	non-western	南亚
301463	240	72	4930	non-western	南亚
301464	240	64	4928	non-western	南亚
301465	240	60	4927	non-western	南亚
301466	240	72	4918	non-western	南亚
301467	240	50	4918	recent	-
301468	240	74	4916	non-western	南亚
301469	240	81	4912	non-western	南亚
301470	240	41	4910	recent	-
301471	239	50	4907	recent	-
301472	239	69	4905	recent	-
301473	239	68	4904	non-western	南亚
301474	239	36	4903	recent	-
301475	239	60	4897	non-western	南亚
301476	239	73	4897	recent	-
301477	239	65	4893	non-western	南亚
301478	239	67	4892	non-western	南亚
301479	239	62	4892	recent	-
301480	238	54	4887	recent	-
301481	238	75	4881	non-western	南亚
301482	238	76	4881	non-western	西亚·中亚
301483	238	65	4879	non-western	西亚·中亚
301484	238	72	4876	recent	-
301485	238	77	4872	non-western	南亚
301486	237	64	4864	non-western	南亚
301487	237	43	4862	recent	-
301488	237	73	4849	non-western	南亚
301489	236	54	4837	non-western	南亚
301490	236	60	4836	non-western	日韩
301491	236	56	4835	non-western	南亚
301492	236	72	4833	recent	-
301493	236	57	4830	recent	-
301494	235	51	4824	non-western	南亚
301495	235	47	4808	non-western	西亚·中亚
301496	235	58	4808	non-western	西亚·中亚
301497	234	59	4804	non-western	南亚
301498	234	57	4804	recent	-
301499	234	39	4803	non-western	南亚
301500	234	76	4799	non-western	南亚
301501	234	69	4798	recent	-
301502	234	56	4794	non-western	南亚
301503	234	10	4794	non-western	东南亚
301504	233	57	4785	non-western	南亚
301505	233	63	4781	non-western	东欧·俄罗斯
301506	233	31	4779	recent	-
301507	233	89	4778	non-western	南亚
301508	233	55	4769	non-western	东欧·俄罗斯
301509	233	49	4769	recent	-
301510	232	47	4764	recent	-
301511	232	77	4762	non-western	南亚
301512	232	70	4758	recent	-
301513	231	65	4732	non-western	西亚·中亚
301514	231	76	4730	non-western	南亚
301515	230	75	4713	non-western	南亚
301516	230	82	4712	non-western	南亚
301517	230	71	4710	non-western	华语
301518	230	75	4709	non-western	日韩
301519	230	74	4709	non-western	南亚
301520	230	65	4706	recent	-
301521	229	69	4703	non-western	西亚·中亚
301522	229	52	4702	recent	-
301523	229	63	4700	non-western	南亚
301524	229	59	4697	non-western	南亚
301525	229	77	4696	non-western	南亚
301526	229	69	4696	non-western	西亚·中亚
301527	229	67	4692	non-western	南亚
301528	229	72	4692	recent	-
301529	228	59	4681	non-western	南亚
301530	228	64	4679	non-western	南亚
301531	228	46	4677	non-western	南亚
301532	228	68	4676	non-western	南亚
301533	228	66	4676	recent	-
301534	228	51	4675	non-western	南亚
301535	228	52	4665	non-western	南亚
301536	227	70	4660	non-western	西亚·中亚
301537	227	61	4658	non-western	西亚·中亚
301538	227	68	4652	non-western	华语
301539	227	52	4649	recent	-
301540	227	46	4647	recent	-
301541	227	44	4647	recent	-
301542	227	80	4645	non-western	南亚
301543	227	68	4644	non-western	南亚
301544	227	76	4644	non-western	西亚·中亚
301545	226	51	4643	recent	-
301546	226	63	4641	recent	-
301547	226	64	4640	non-western	南亚
301548	226	58	4631	non-western	南亚
301549	226	55	4630	recent	-
301550	226	24	4630	recent	-
301551	225	57	4619	non-western	拉美
301552	225	61	4614	non-western	西亚·中亚
301553	225	62	4614	recent	-
301554	225	72	4607	non-western	南亚
301555	224	77	4600	non-western	南亚
301556	224	67	4596	recent	-
301557	224	71	4588	recent	-
301558	224	41	4584	recent	-
301559	223	70	4581	non-western	拉美
301560	223	59	4580	recent	-
301561	223	65	4576	non-western	南亚
301562	223	36	4575	non-western	西亚·中亚
301563	223	60	4574	non-western	南亚
301564	223	54	4572	non-western	西亚·中亚
301565	223	63	4570	recent	-
301566	223	69	4567	non-western	华语
301567	223	55	4567	non-western	南亚
301568	222	55	4549	non-western	日韩
301569	222	59	4547	non-western	南亚
301570	222	65	4541	non-western	南亚
301571	221	78	4534	non-western	南亚
301572	221	83	4532	non-western	南亚
301573	221	51	4530	non-western	东欧·俄罗斯
301574	221	66	4527	non-western	华语
301575	221	66	4524	non-western	南亚
301576	221	82	4522	non-western	南亚
301577	220	71	4514	non-western	南亚
301578	220	58	4512	non-western	西亚·中亚
301579	220	54	4503	non-western	南亚
301580	220	49	4503	recent	-
301581	220	77	4502	non-western	南亚
301582	219	71	4499	non-western	南亚
301583	219	60	4499	non-western	南亚
301584	219	87	4496	non-western	南亚
301585	219	53	4496	non-western	南亚
301586	219	33	4494	recent	-
301587	219	70	4490	recent	-
301588	219	80	4485	non-western	华语
301589	219	66	4483	non-western	日韩
301590	219	53	4481	non-western	日韩
301591	218	57	4479	non-western	东南亚
301592	218	75	4478	non-western	南亚
301593	218	50	4477	recent	-
301594	218	77	4476	recent	-
301595	218	57	4472	recent	-
301596	218	69	4465	non-western	日韩
301597	218	61	4464	non-western	南亚
301598	218	52	4464	recent	-
301599	217	52	4457	recent	-
301600	217	45	4456	non-western	南亚
301601	217	71	4454	non-western	南亚
301602	217	69	4453	recent	-
301603	217	68	4452	non-western	南亚
301604	217	47	4440	non-western	西亚·中亚
301605	217	62	4439	non-western	西亚·中亚
301606	216	26	4438	non-western	南亚
301607	216	68	4437	non-western	日韩
301608	216	68	4437	non-western	南亚
301609	216	65	4432	non-western	日韩
301610	216	47	4432	non-western	南亚
301611	216	63	4429	recent	-
301612	216	54	4425	recent	-
301613	216	71	4423	non-western	东南亚
301614	216	68	4418	non-western	南亚
301615	215	27	4412	non-western	南亚
301616	215	70	4411	non-western	日韩
301617	215	59	4407	recent	-
301618	215	75	4405	non-western	南亚
301619	215	65	4398	non-western	西亚·中亚
301620	214	71	4397	non-western	南亚
301621	214	54	4380	recent	-
301622	214	68	4379	non-western	南亚
301623	213	63	4375	non-western	拉美
301624	213	56	4370	non-western	西亚·中亚
301625	213	73	4368	non-western	南亚
301626	213	70	4365	non-western	日韩
301627	213	57	4365	non-western	南亚
301628	213	50	4364	recent	-
301629	213	71	4361	non-western	南亚
301630	213	72	4361	recent	-
301631	213	66	4359	non-western	日韩
301632	212	49	4355	non-western	西亚·中亚
301633	212	65	4355	recent	-
301634	212	69	4350	non-western	南亚
301635	212	47	4348	non-western	南亚
301636	212	71	4347	non-western	西亚·中亚
301637	212	77	4347	recent	-
301638	212	57	4344	non-western	华语
301639	212	59	4340	non-western	南亚
301640	212	61	4340	non-western	南亚
301641	212	88	4336	non-western	南亚
301642	212	72	4336	recent	-
301643	211	73	4331	non-western	西亚·中亚
301644	211	75	4327	non-western	日韩
301645	211	72	4326	non-western	南亚
301646	211	65	4322	non-western	南亚
301647	211	49	4317	non-western	南亚
301648	210	67	4311	recent	-
301649	210	53	4307	recent	-
301650	210	79	4301	non-western	南亚
301651	209	87	4292	non-western	南亚
301652	209	69	4289	recent	-
301653	209	69	4288	non-western	南亚
301654	209	25	4288	non-western	西亚·中亚
301655	209	58	4287	non-western	南亚
301656	209	75	4287	non-western	西亚·中亚
301657	209	76	4283	non-western	南亚
301658	209	68	4280	non-western	南亚
301659	208	54	4271	recent	-
301660	208	59	4265	non-western	南亚
301661	208	77	4264	non-western	西亚·中亚
301662	208	74	4261	non-western	南亚
301663	208	57	4260	recent	-
301664	208	65	4258	non-western	南亚
301665	208	80	4254	non-western	西亚·中亚
301666	207	69	4252	non-western	西亚·中亚
301667	207	77	4249	non-western	日韩
301668	207	22	4247	non-western	西亚·中亚
301669	207	66	4246	non-western	日韩
301670	207	78	4246	recent	-
301671	207	69	4244	non-western	华语
301672	207	63	4242	recent	-
301673	206	64	4232	recent	-
301674	206	64	4229	non-western	日韩
301675	206	70	4222	non-western	西亚·中亚
301676	206	71	4219	non-western	西亚·中亚
301677	206	66	4218	non-western	日韩
301678	206	48	4216	recent	-
301679	206	67	4215	non-western	南亚
301680	206	82	4214	non-western	南亚
301681	205	47	4201	recent	-
301682	205	52	4200	non-western	南亚
301683	205	75	4198	non-western	西亚·中亚
301684	204	59	4192	non-western	南亚
301685	204	76	4191	non-western	南亚
301686	204	78	4186	non-western	西亚·中亚
301687	204	58	4186	recent	-
301688	204	74	4185	recent	-
301689	204	80	4178	non-western	南亚
301690	204	55	4177	recent	-
301691	204	60	4176	non-western	西亚·中亚
301692	204	65	4174	non-western	南亚
301693	203	51	4170	recent	-
301694	203	64	4168	non-western	南亚
301695	203	22	4165	non-western	西亚·中亚
301696	203	37	4164	recent	-
301697	203	75	4163	non-western	西亚·中亚
301698	203	69	4158	non-western	南亚
301699	203	48	4158	recent	-
301700	203	63	4157	recent	-
301701	203	51	4156	recent	-
301702	203	55	4153	non-western	西亚·中亚
301703	202	68	4147	non-western	华语
301704	202	66	4147	recent	-
301705	202	53	4145	recent	-
301706	202	63	4138	non-western	南亚
301707	202	69	4138	non-western	南亚
301708	202	74	4137	non-western	南亚
301709	201	59	4127	non-western	南亚
301710	201	82	4124	non-western	日韩
301711	201	59	4124	non-western	南亚
301712	201	40	4117	non-western	南亚
301713	201	64	4117	recent	-
301714	201	20	4114	non-western	西亚·中亚
301715	201	54	4113	recent	-
301716	201	59	4111	non-western	南亚
301717	201	51	4111	non-western	拉美
301718	200	85	4105	non-western	南亚
301719	200	47	4103	recent	-
301720	200	52	4101	non-western	南亚
301721	200	58	4101	non-western	西亚·中亚
301722	200	57	4098	non-western	日韩
301723	200	56	4098	recent	-
301724	200	69	4096	non-western	南亚
301725	200	64	4095	non-western	日韩
301726	200	71	4094	non-western	南亚
301727	199	71	4086	non-western	西亚·中亚
301728	199	70	4080	non-western	南亚
301729	199	31	4078	non-western	西亚·中亚
301730	199	77	4076	non-western	南亚
301731	199	70	4076	non-western	南亚
301732	199	75	4075	non-western	南亚
301733	199	71	4073	non-western	南亚
301734	198	71	4068	non-western	西亚·中亚
301735	198	81	4065	non-western	南亚
301736	198	64	4061	non-western	日韩
301737	198	79	4060	non-western	南亚
301738	198	56	4058	recent	-
301739	198	56	4056	non-western	拉美
301740	198	49	4056	recent	-
301741	198	70	4055	recent	-
301742	198	69	4053	non-western	南亚
301743	198	68	4053	recent	-
301744	197	71	4045	recent	-
301745	197	61	4044	non-western	南亚
301746	197	82	4044	non-western	南亚
301747	197	72	4043	recent	-
301748	197	80	4040	non-western	南亚
301749	197	71	4037	recent	-
301750	197	45	4036	non-western	南亚
301751	197	73	4035	non-western	南亚
301752	197	78	4034	non-western	南亚
301753	197	59	4032	non-western	南亚
301754	197	76	4029	non-western	南亚
301755	196	65	4015	non-western	南亚
301756	196	70	4013	non-western	西亚·中亚
301757	196	74	4009	non-western	南亚
301758	195	60	4004	non-western	南亚
301759	195	42	4000	non-western	东南亚
301760	195	48	3999	non-western	南亚
301761	195	71	3997	non-western	南亚
301762	195	84	3997	non-western	南亚
301763	195	46	3990	non-western	西亚·中亚
301764	195	69	3990	non-western	东欧·俄罗斯
301765	195	51	3989	recent	-
301766	194	76	3986	non-western	东南亚
301767	194	76	3985	non-western	南亚
301768	194	87	3984	non-western	南亚
301769	194	71	3983	non-western	南亚
301770	194	69	3982	non-western	南亚
301771	194	54	3980	non-western	南亚
301772	194	48	3976	non-western	南亚
301773	194	68	3973	recent	-
301774	194	65	3972	non-western	南亚
301775	194	63	3969	non-western	南亚
301776	194	53	3968	non-western	西亚·中亚
301777	193	64	3963	non-western	南亚
301778	193	49	3956	non-western	西亚·中亚
301779	193	39	3956	non-western	西亚·中亚
301780	193	58	3955	non-western	南亚
301781	193	83	3953	non-western	南亚
301782	193	71	3951	non-western	南亚
301783	193	71	3949	non-western	南亚
301784	193	83	3948	non-western	南亚
301785	193	49	3948	recent	-
301786	193	64	3948	recent	-
301787	192	65	3946	non-western	南亚
301788	192	74	3941	non-western	西亚·中亚
301789	192	66	3935	non-western	日韩
301790	192	67	3928	recent	-
301791	192	65	3927	non-western	西亚·中亚
301792	191	61	3922	non-western	东南亚
301793	191	66	3921	recent	-
301794	191	51	3917	non-western	南亚
301795	191	18	3916	non-western	华语
301796	191	70	3916	recent	-
301797	191	66	3913	recent	-
301798	191	51	3912	recent	-
301799	191	61	3911	non-western	南亚
301800	191	57	3911	recent	-
301801	191	74	3910	non-western	南亚
301802	191	72	3909	non-western	西亚·中亚
301803	191	62	3909	recent	-
301804	191	65	3906	non-western	东欧·俄罗斯
301805	190	61	3900	non-western	南亚
301806	190	25	3900	non-western	南亚
301807	190	71	3900	non-western	西亚·中亚
301808	190	34	3895	non-western	南亚
301809	190	63	3893	non-western	南亚
301810	190	65	3889	recent	-
301811	190	66	3888	recent	-
301812	190	71	3887	non-western	南亚
301813	190	56	3887	non-western	西亚·中亚
301814	189	41	3884	non-western	东南亚
301815	189	73	3883	non-western	华语
301816	189	54	3882	recent	-
301817	189	51	3881	recent	-
301818	189	83	3880	non-western	南亚
301819	189	62	3880	non-western	南亚
301820	189	65	3880	non-western	西亚·中亚
301821	189	63	3876	non-western	南亚
301822	189	55	3876	non-western	南亚
301823	189	73	3876	non-western	南亚
301824	189	60	3873	recent	-
301825	189	77	3870	non-western	东南亚
301826	189	47	3865	non-western	南亚
301827	188	73	3859	non-western	东南亚
301828	188	57	3855	non-western	南亚
301829	188	31	3852	non-western	南亚
301830	188	59	3852	non-western	西亚·中亚
301831	188	56	3850	recent	-
301832	188	62	3848	non-western	南亚
301833	188	81	3847	non-western	南亚
301834	188	67	3845	non-western	东欧·俄罗斯
301835	187	67	3842	non-western	南亚
301836	187	64	3842	non-western	南亚
301837	187	63	3839	recent	-
301838	187	67	3837	recent	-
301839	187	65	3834	non-western	西亚·中亚
301840	187	83	3831	non-western	南亚
301841	187	33	3830	non-western	南亚
301842	187	73	3828	non-western	华语
301843	187	43	3826	non-western	西亚·中亚
301844	187	61	3824	non-western	拉美
301845	186	71	3823	non-western	南亚
301846	186	62	3823	non-western	南亚
301847	186	54	3822	non-western	南亚
301848	186	68	3821	recent	-
301849	186	76	3820	non-western	南亚
301850	186	14	3820	non-western	东南亚
301851	186	76	3818	non-western	华语
301852	186	71	3818	non-western	南亚
301853	186	65	3818	non-western	南亚
301854	186	50	3817	non-western	西亚·中亚
301855	186	51	3816	non-western	南亚
301856	186	54	3814	recent	-
301857	186	46	3808	non-western	西亚·中亚
301858	186	83	3808	recent	-
301859	186	71	3804	non-western	西亚·中亚
301860	185	75	3802	non-western	南亚
301861	185	63	3800	recent	-
301862	185	69	3798	non-western	南亚
301863	185	50	3797	recent	-
301864	185	81	3789	non-western	南亚
301865	185	17	3789	non-western	西亚·中亚
301866	185	60	3785	non-western	南亚
301867	185	52	3785	non-western	西亚·中亚
301868	184	71	3782	recent	-
301869	184	67	3780	non-western	南亚
301870	184	76	3778	recent	-
301871	184	70	3776	non-western	南亚
301872	184	59	3775	recent	-
301873	184	57	3775	recent	-
301874	184	44	3773	non-western	南亚
301875	184	59	3773	non-western	东南亚
301876	184	66	3769	non-western	华语
301877	184	66	3769	non-western	南亚
301878	184	78	3768	non-western	日韩
301879	184	43	3768	non-western	南亚
301880	184	78	3765	non-western	南亚
301881	183	39	3759	recent	-
301882	183	79	3758	non-western	南亚
301883	183	67	3758	recent	-
301884	183	60	3758	recent	-
301885	183	67	3754	non-western	西亚·中亚
301886	183	57	3754	recent	-
301887	183	57	3753	non-western	南亚
301888	183	73	3752	recent	-
301889	183	66	3751	non-western	南亚
301890	183	38	3751	non-western	西亚·中亚
301891	183	73	3750	non-western	西亚·中亚
301892	183	67	3747	non-western	南亚
301893	182	89	3741	non-western	南亚
301894	182	72	3740	non-western	南亚
301895	182	63	3739	non-western	拉美
301896	182	60	3739	recent	-
301897	182	55	3737	recent	-
301898	182	66	3737	recent	-
301899	182	20	3736	non-western	西亚·中亚
301900	182	48	3736	recent	-
301901	182	76	3731	non-western	华语
301902	182	84	3728	non-western	南亚
301903	182	78	3727	non-western	南亚
301904	182	71	3727	non-western	南亚
301905	182	37	3726	recent	-
301906	182	67	3722	non-western	西亚·中亚
301907	181	37	3718	non-western	南亚
301908	181	40	3718	non-western	南亚
301909	181	55	3718	recent	-
301910	181	75	3717	recent	-
301911	181	58	3714	non-western	西亚·中亚
301912	181	56	3712	recent	-
301913	181	52	3711	recent	-
301914	181	58	3710	non-western	东南亚
301915	181	81	3705	non-western	南亚
301916	181	62	3703	non-western	南亚
301917	181	65	3701	non-western	南亚
301918	180	64	3700	non-western	西亚·中亚
301919	180	62	3699	non-western	南亚
301920	180	39	3695	non-western	西亚·中亚
301921	180	62	3695	recent	-
301922	180	76	3694	non-western	南亚
301923	180	67	3687	recent	-
301924	180	70	3686	non-western	西亚·中亚
301925	180	58	3686	recent	-
301926	180	62	3685	recent	-
301927	179	64	3677	non-western	南亚
301928	179	48	3677	recent	-
301929	179	32	3672	recent	-
301930	179	68	3671	non-western	南亚
301931	179	47	3670	non-western	西亚·中亚
301932	179	56	3670	recent	-
301933	179	41	3669	recent	-
301934	179	59	3668	non-western	南亚
301935	179	63	3667	non-western	南亚
301936	179	59	3666	non-western	南亚
301937	179	47	3666	recent	-
301938	179	47	3664	recent	-
301939	179	73	3662	non-western	南亚
301940	178	37	3659	non-western	南亚
301941	178	65	3659	non-western	南亚
301942	178	65	3659	recent	-
301943	178	71	3658	non-western	南亚
301944	178	65	3657	non-western	南亚
301945	178	69	3657	recent	-
301946	178	58	3656	recent	-
301947	178	82	3655	non-western	南亚
301948	178	62	3655	non-western	南亚
301949	178	73	3655	non-western	西亚·中亚
301950	178	71	3655	non-western	西亚·中亚
301951	178	72	3654	non-western	南亚
301952	178	47	3653	non-western	南亚
301953	178	64	3652	non-western	日韩
301954	178	65	3651	recent	-
301955	178	63	3647	non-western	南亚
301956	178	84	3645	non-western	南亚
301957	178	48	3645	recent	-
301958	178	68	3645	recent	-
301959	178	63	3644	non-western	南亚
301960	178	73	3641	non-western	西亚·中亚
301961	178	26	3639	non-western	南亚
301962	177	61	3635	non-western	东欧·俄罗斯
301963	177	70	3635	recent	-
301964	177	45	3634	recent	-
301965	177	45	3630	non-western	南亚
301966	177	61	3630	recent	-
301967	177	62	3629	recent	-
301968	177	64	3628	recent	-
301969	177	48	3626	recent	-
301970	177	70	3625	non-western	华语
301971	177	67	3625	non-western	日韩
301972	177	55	3620	non-western	南亚
301973	176	71	3615	non-western	南亚
301974	176	65	3613	non-western	南亚
301975	176	66	3613	non-western	南亚
301976	176	73	3612	non-western	南亚
301977	176	75	3609	non-western	华语,日韩
301978	176	89	3608	non-western	南亚
301979	176	75	3605	non-western	西亚·中亚
301980	176	42	3604	non-western	南亚
301981	176	58	3602	recent	-
301982	176	70	3600	non-western	南亚
301983	176	73	3600	non-western	南亚
301984	176	71	3598	non-western	南亚
301985	175	65	3596	non-western	日韩
301986	175	57	3596	recent	-
301987	175	58	3589	non-western	南亚
301988	175	57	3589	recent	-
301989	175	34	3585	non-western	南亚
301990	175	83	3585	non-western	南亚
301991	175	76	3582	non-western	南亚
301992	175	71	3582	non-western	南亚
301993	175	58	3580	non-western	南亚
301994	175	34	3579	non-western	南亚
301995	174	61	3573	non-western	日韩
301996	174	50	3573	recent	-
301997	174	47	3572	non-western	南亚
301998	174	70	3572	non-western	西亚·中亚
301999	174	71	3570	recent	-
302000	174	64	3569	recent	-
302001	174	56	3564	non-western	西亚·中亚
302002	174	66	3563	non-western	日韩
302003	174	82	3562	non-western	南亚
302004	174	73	3558	non-western	南亚
302005	174	68	3558	non-western	南亚
302006	173	67	3556	non-western	华语
302007	173	36	3555	recent	-
302008	173	61	3554	non-western	西亚·中亚
302009	173	74	3552	recent	-
302010	173	61	3551	non-western	南亚
302011	173	74	3549	non-western	南亚
302012	173	71	3548	non-western	南亚
302013	173	85	3545	non-western	南亚
302014	173	58	3542	non-western	南亚
302015	173	73	3542	non-western	东南亚
302016	173	62	3540	recent	-
302017	173	65	3539	non-western	南亚
302018	173	58	3539	non-western	西亚·中亚
302019	172	53	3536	recent	-
302020	172	62	3530	non-western	南亚
302021	172	66	3528	recent	-
302022	172	66	3521	recent	-
302023	172	47	3518	recent	-
302024	171	68	3515	non-western	日韩
302025	171	55	3509	non-western	南亚
302026	171	54	3501	non-western	西亚·中亚
302027	171	71	3500	non-western	日韩
302028	171	72	3500	non-western	南亚
302029	171	87	3500	non-western	南亚
302030	171	76	3496	non-western	华语
302031	170	55	3495	non-western	南亚
302032	170	75	3492	non-western	日韩
302033	170	67	3490	recent	-
302034	170	72	3487	non-western	南亚
302035	170	64	3487	recent	-
302036	170	68	3486	recent	-
302037	170	73	3483	non-western	南亚
302038	170	64	3483	non-western	南亚
302039	170	46	3483	recent	-
302040	170	44	3482	recent	-
302041	170	55	3481	recent	-
302042	170	81	3479	non-western	南亚
302043	170	65	3478	non-western	日韩
302044	170	50	3478	non-western	西亚·中亚
302045	169	73	3474	recent	-
302046	169	54	3472	non-western	西亚·中亚
302047	169	73	3471	non-western	南亚
302048	169	72	3471	non-western	南亚
302049	169	64	3471	non-western	南亚
302050	169	62	3469	non-western	西亚·中亚
302051	169	75	3468	non-western	日韩
302052	169	57	3468	non-western	南亚
302053	169	66	3465	recent	-
302054	169	41	3463	non-western	西亚·中亚
302055	169	87	3459	non-western	西亚·中亚
302056	168	39	3454	non-western	西亚·中亚
302057	168	73	3452	non-western	南亚
302058	168	49	3451	non-western	南亚
302059	168	47	3451	recent	-
302060	168	48	3449	non-western	南亚
302061	168	74	3449	non-western	南亚
302062	168	61	3446	non-western	南亚
302063	168	87	3445	non-western	南亚
302064	168	56	3444	non-western	日韩
302065	168	45	3444	non-western	南亚
302066	168	58	3443	recent	-
302067	168	48	3442	non-western	南亚
302068	168	70	3440	non-western	南亚
302069	168	63	3438	non-western	南亚
302070	168	84	3438	recent	-
302071	168	88	3436	recent	-
302072	168	61	3434	non-western	南亚
302073	167	45	3433	recent	-
302074	167	47	3431	non-western	西亚·中亚
302075	167	73	3429	non-western	南亚
302076	167	42	3429	non-western	南亚
302077	167	57	3428	non-western	南亚
302078	167	77	3427	non-western	南亚
302079	167	76	3426	non-western	南亚
302080	167	71	3425	non-western	南亚
302081	167	41	3425	non-western	西亚·中亚
302082	167	63	3423	non-western	南亚
302083	167	47	3421	non-western	南亚
302084	167	77	3420	non-western	南亚
302085	167	59	3419	non-western	西亚·中亚
302086	167	59	3418	non-western	南亚
302087	167	76	3418	recent	-
302088	167	65	3417	recent	-
302089	167	61	3414	recent	-
302090	166	74	3406	recent	-
302091	166	73	3405	non-western	南亚
302092	166	64	3403	non-western	南亚
302093	166	40	3402	non-western	东南亚
302094	166	75	3402	recent	-
302095	166	63	3398	recent	-
302096	166	60	3395	non-western	拉美
302097	166	74	3394	non-western	南亚
302098	165	68	3392	recent	-
302099	165	47	3390	recent	-
302100	165	46	3388	non-western	南亚
302101	165	76	3387	non-western	南亚
302102	165	76	3386	non-western	南亚
302103	165	78	3385	non-western	南亚
302104	165	67	3383	non-western	华语
302105	165	39	3383	recent	-
302106	165	60	3380	non-western	南亚
302107	165	42	3378	non-western	东南亚
302108	165	63	3376	non-western	南亚
302109	165	44	3375	non-western	西亚·中亚
302110	164	59	3368	non-western	南亚
302111	164	63	3367	non-western	南亚
302112	164	37	3367	non-western	西亚·中亚
302113	164	44	3366	non-western	南亚
302114	164	54	3365	recent	-
302115	164	68	3363	non-western	日韩
302116	164	71	3362	non-western	南亚
302117	164	55	3362	recent	-
302118	164	58	3361	non-western	南亚
302119	164	58	3358	recent	-
302120	164	64	3353	non-western	西亚·中亚
302121	164	39	3353	recent	-
302122	163	54	3351	recent	-
302123	163	77	3348	non-western	南亚
302124	163	75	3344	non-western	南亚
302125	163	71	3341	non-western	西亚·中亚
302126	163	39	3340	non-western	南亚
302127	163	61	3334	non-western	南亚
302128	162	76	3330	non-western	南亚
302129	162	72	3327	recent	-
302130	162	71	3323	recent	-
302131	162	68	3320	non-western	南亚
302132	162	43	3316	recent	-
302133	162	67	3315	non-western	南亚
302134	162	81	3314	non-western	南亚
302135	162	59	3312	non-western	南亚
302136	162	39	3311	recent	-
302137	161	54	3310	non-western	拉美
302138	161	62	3308	non-western	日韩
302139	161	78	3308	non-western	南亚
302140	161	55	3308	non-western	南亚
302141	161	56	3303	recent	-
302142	161	62	3302	non-western	日韩
302143	161	72	3302	non-western	南亚
302144	161	71	3294	non-western	南亚
302145	161	53	3293	recent	-
302146	161	56	3292	non-western	南亚
302147	161	62	3292	non-western	西亚·中亚
302148	161	36	3292	recent	-
302149	160	34	3289	non-western	南亚
302150	160	61	3287	non-western	南亚
302151	160	76	3286	recent	-
302152	160	63	3286	recent	-
302153	160	47	3286	recent	-
302154	160	62	3284	non-western	日韩
302155	160	67	3280	non-western	南亚
302156	160	77	3280	non-western	南亚
302157	160	62	3279	non-western	南亚
302158	160	63	3278	non-western	拉美
302159	160	64	3270	non-western	南亚
302160	159	71	3267	recent	-
302161	159	64	3263	non-western	西亚·中亚
302162	159	57	3262	non-western	南亚
302163	159	46	3261	recent	-
302164	159	48	3260	recent	-
302165	159	47	3260	recent	-
302166	159	74	3257	non-western	南亚
302167	159	62	3257	non-western	南亚
302168	159	41	3254	recent	-
302169	159	69	3253	non-western	南亚
302170	159	67	3251	non-western	南亚
302171	159	73	3251	non-western	南亚
302172	159	54	3251	recent	-
302173	159	64	3250	recent	-
302174	158	83	3248	non-western	南亚
302175	158	52	3248	non-western	南亚
302176	158	60	3245	non-western	南亚
302177	158	81	3242	non-western	南亚
302178	158	46	3240	recent	-
302179	158	76	3238	non-western	南亚
302180	158	81	3235	non-western	南亚
302181	158	61	3235	non-western	南亚
302182	158	70	3234	non-western	西亚·中亚
302183	158	73	3231	non-western	南亚
302184	158	79	3230	non-western	南亚
302185	158	61	3229	recent	-
302186	157	72	3228	recent	-
302187	157	82	3226	non-western	南亚
302188	157	50	3224	recent	-
302189	157	76	3220	non-western	南亚
302190	157	64	3219	recent	-
302191	157	59	3218	non-western	南亚
302192	157	71	3217	non-western	南亚
302193	157	69	3217	recent	-
302194	157	57	3213	non-western	日韩
302195	157	62	3213	non-western	南亚
302196	157	77	3209	recent	-
302197	156	74	3208	non-western	南亚
302198	156	80	3208	non-western	南亚
302199	156	50	3208	recent	-
302200	156	49	3208	recent	-
302201	156	61	3208	recent	-
302202	156	69	3207	non-western	南亚
302203	156	62	3206	non-western	南亚
302204	156	78	3200	non-western	南亚
302205	156	56	3200	recent	-
302206	156	76	3198	non-western	南亚
302207	156	89	3198	non-western	南亚
302208	156	53	3197	recent	-
302209	156	76	3196	recent	-
302210	156	48	3195	recent	-
302211	156	64	3194	non-western	东南亚
302212	156	70	3193	recent	-
302213	156	61	3189	non-western	日韩
302214	156	47	3189	non-western	南亚
302215	155	48	3187	non-western	南亚
302216	155	45	3187	non-western	南亚
302217	155	56	3186	recent	-
302218	155	59	3185	non-western	南亚
302219	155	67	3185	recent	-
302220	155	53	3185	recent	-
302221	155	60	3184	non-western	东南亚
302222	155	69	3184	non-western	西亚·中亚
302223	155	37	3184	recent	-
302224	155	68	3184	recent	-
302225	155	46	3180	non-western	南亚
302226	155	79	3176	non-western	南亚
302227	155	55	3175	non-western	西亚·中亚
302228	155	27	3175	non-western	东欧·俄罗斯
302229	155	73	3173	recent	-
302230	155	54	3172	non-western	南亚
302231	155	64	3171	non-western	南亚
302232	155	54	3170	recent	-
302233	155	86	3169	non-western	南亚
302234	155	64	3168	non-western	日韩
302235	155	72	3168	non-western	南亚
302236	155	65	3168	non-western	西亚·中亚
302237	155	70	3168	recent	-
302238	154	70	3167	non-western	南亚
302239	154	54	3167	recent	-
302240	154	48	3164	non-western	南亚
302241	154	66	3164	non-western	西亚·中亚
302242	154	68	3164	recent	-
302243	154	75	3158	non-western	南亚
302244	154	68	3154	non-western	南亚
302245	154	74	3150	recent	-
302246	154	52	3149	non-western	南亚
302247	154	89	3148	non-western	南亚
302248	154	88	3148	non-western	南亚
302249	154	73	3147	non-western	日韩
302250	154	64	3147	non-western	南亚
302251	154	64	3147	recent	-
302252	153	52	3143	recent	-
302253	153	58	3141	non-western	南亚
302254	153	80	3140	non-western	南亚
302255	153	52	3139	non-western	南亚
302256	153	58	3139	non-western	南亚
302257	153	77	3136	non-western	南亚
302258	153	76	3133	non-western	南亚
302259	153	54	3132	non-western	南亚
302260	153	65	3131	non-western	南亚
302261	153	36	3130	non-western	南亚
302262	153	66	3130	non-western	南亚
302263	153	67	3129	non-western	南亚
302264	153	61	3128	non-western	南亚
302265	153	64	3127	non-western	日韩
302266	152	78	3124	non-western	日韩
302267	152	68	3123	non-western	东南亚
302268	152	82	3121	non-western	南亚
302269	152	81	3120	non-western	南亚
302270	152	88	3119	non-western	南亚
302271	152	88	3119	recent	-
302272	152	74	3119	recent	-
302273	152	64	3117	non-western	日韩
302274	152	21	3114	non-western	南亚
302275	152	64	3114	recent	-
302276	152	67	3113	non-western	西亚·中亚
302277	152	84	3111	non-western	南亚
302278	152	71	3109	non-western	南亚
302279	152	72	3109	non-western	西亚·中亚
302280	152	71	3108	non-western	日韩
302281	152	56	3108	non-western	西亚·中亚
302282	152	59	3108	recent	-
302283	152	83	3107	non-western	南亚
302284	152	49	3106	recent	-
302285	151	74	3104	non-western	南亚
302286	151	66	3102	non-western	南亚
302287	151	61	3102	non-western	南亚
302288	151	59	3099	non-western	日韩
302289	151	64	3099	non-western	日韩
302290	151	67	3098	non-western	西亚·中亚
302291	151	66	3097	recent	-
302292	151	73	3096	non-western	东南亚
302293	151	75	3095	non-western	拉美
302294	151	72	3093	non-western	南亚
302295	151	72	3092	non-western	日韩
302296	151	79	3092	recent	-
302297	151	45	3090	recent	-
302298	151	76	3088	non-western	南亚
302299	150	60	3085	non-western	南亚
302300	150	58	3085	non-western	东南亚
302301	150	70	3085	non-western	西亚·中亚
302302	150	67	3083	recent	-
302303	150	56	3083	recent	-
302304	150	55	3082	non-western	南亚
302305	150	71	3081	non-western	西亚·中亚
302306	150	50	3080	non-western	南亚
302307	150	70	3075	non-western	东欧·俄罗斯
302308	150	78	3072	non-western	南亚
302309	150	74	3071	non-western	南亚
302310	150	75	3070	recent	-
302311	150	67	3069	non-western	南亚
302312	150	60	3067	non-western	南亚
302313	150	63	3066	recent	-
302314	150	64	3066	recent	-
302315	149	67	3063	recent	-
302316	149	58	3062	non-western	南亚
302317	149	62	3060	non-western	南亚
302318	149	66	3055	non-western	南亚
302319	149	88	3054	non-western	南亚
302320	149	51	3054	non-western	南亚
302321	149	55	3048	non-western	南亚
302322	149	62	3047	non-western	南亚
302323	148	74	3044	non-western	南亚
302324	148	45	3042	non-western	南亚
302325	148	49	3042	non-western	南亚
302326	148	68	3042	non-western	南亚
302327	148	59	3042	non-western	南亚
302328	148	62	3040	non-western	南亚
302329	148	85	3040	recent	-
302330	148	64	3038	non-western	南亚
302331	148	61	3038	non-western	西亚·中亚
302332	148	12	3037	non-western	南亚
302333	148	65	3037	non-western	拉美
302334	148	53	3036	non-western	南亚
302335	148	64	3036	recent	-
302336	148	66	3033	non-western	日韩
302337	148	79	3030	non-western	南亚
302338	148	82	3029	recent	-
302339	148	67	3028	recent	-
302340	148	57	3026	recent	-
302341	148	78	3024	non-western	南亚
302342	148	68	3024	recent	-
302343	147	75	3023	recent	-
302344	147	61	3020	non-western	南亚
302345	147	70	3020	non-western	西亚·中亚
302346	147	54	3018	recent	-
302347	147	53	3016	non-western	西亚·中亚
302348	147	73	3015	non-western	南亚
302349	147	52	3009	non-western	西亚·中亚
302350	147	55	3007	recent	-
302351	147	68	3006	non-western	日韩
302352	147	63	3004	non-western	南亚
302353	147	62	3004	non-western	南亚
302354	146	69	3002	non-western	南亚
302355	146	67	3002	non-western	南亚
302356	146	80	3002	non-western	南亚
302357	146	57	3000	non-western	东欧·俄罗斯
