dist,algo,n,t_c_ms,t_cpp_ms,ratio_cpp_over_c,cmp_c,cmp_cpp,counts_match
asc,insertion,100,0.0001,0.0001,1.0000,99,99,Y
asc,insertion,1000,0.0007,0.0007,1.0000,999,999,Y
asc,insertion,10000,0.0070,0.0070,1.0000,9999,9999,Y
asc,bubble,100,0.0001,0.0001,1.0000,99,99,Y
asc,bubble,1000,0.0008,0.0008,1.0000,999,999,Y
asc,bubble,10000,0.0080,0.0081,1.0125,9999,9999,Y
asc,selection,100,0.0126,0.0122,0.9683,4950,4950,Y
asc,selection,1000,1.2830,1.2666,0.9872,499500,499500,Y
asc,selection,10000,126.8692,128.5561,1.0133,49995000,49995000,Y
asc,shell,100,0.0006,0.0006,1.0000,503,503,Y
asc,shell,1000,0.0090,0.0086,0.9556,8006,8006,Y
asc,shell,10000,0.1294,0.1285,0.9930,120005,120005,Y
asc,shell,100000,1.6214,1.6044,0.9895,1500006,1500006,Y
asc,shell,1000000,19.5570,19.0679,0.9750,18000007,18000007,Y
asc,quick,100,0.0009,0.0010,1.1111,806,806,Y
asc,quick,1000,0.0154,0.0150,0.9740,12610,12610,Y
asc,quick,10000,0.1968,0.1886,0.9583,170712,170712,Y
asc,quick,100000,2.2893,2.2413,0.9790,2135716,2135716,Y
asc,quick,1000000,26.0152,27.0592,1.0401,25516078,25516078,Y
asc,heap,100,0.0012,0.0012,1.0000,1081,1081,Y
asc,heap,1000,0.0364,0.0365,1.0027,17583,17583,Y
asc,heap,10000,0.4601,0.4655,1.0117,244460,244460,Y
asc,heap,100000,5.1785,4.9991,0.9654,3112517,3112517,Y
asc,heap,1000000,53.3324,52.5741,0.9858,37692069,37692069,Y
asc,radix,100,0.0014,0.0011,0.7857,0,0,Y
asc,radix,1000,0.0078,0.0078,1.0000,0,0,Y
asc,radix,10000,0.0803,0.0808,1.0062,0,0,Y
asc,radix,100000,1.1525,1.0872,0.9433,0,0,Y
asc,radix,1000000,15.0401,15.0009,0.9974,0,0,Y
asc,merge,100,0.0010,0.0010,1.0000,356,356,Y
asc,merge,1000,0.0120,0.0115,0.9583,5044,5044,Y
asc,merge,10000,0.1480,0.1419,0.9588,69008,69008,Y
asc,merge,100000,1.7734,1.5773,0.8894,853904,853904,Y
asc,merge,1000000,19.8179,18.9729,0.9574,10066432,10066432,Y
desc,insertion,100,0.0034,0.0032,0.9412,4950,4950,Y
desc,insertion,1000,0.3035,0.2948,0.9713,499500,499500,Y
desc,insertion,10000,28.9391,29.4551,1.0178,49995000,49995000,Y
desc,bubble,100,0.0328,0.0331,1.0091,4950,4950,Y
desc,bubble,1000,3.5164,3.4712,0.9871,499500,499500,Y
desc,bubble,10000,344.4306,343.4589,0.9972,49995000,49995000,Y
desc,selection,100,0.0134,0.0125,0.9328,4950,4950,Y
desc,selection,1000,1.2754,1.2739,0.9988,499500,499500,Y
desc,selection,10000,128.1369,127.8536,0.9978,49995000,49995000,Y
desc,shell,100,0.0009,0.0008,0.8889,668,668,Y
desc,shell,1000,0.0135,0.0135,1.0000,11716,11716,Y
desc,shell,10000,0.1862,0.1898,1.0193,172578,172578,Y
desc,shell,100000,2.4460,2.3920,0.9779,2244585,2244585,Y
desc,shell,1000000,28.0162,27.6874,0.9883,26357530,26357530,Y
desc,quick,100,0.0010,0.0010,1.0000,677,677,Y
desc,quick,1000,0.0146,0.0148,1.0137,11611,11611,Y
desc,quick,10000,0.1952,0.1924,0.9857,163766,163766,Y
desc,quick,100000,2.3029,2.2698,0.9856,2126048,2126048,Y
desc,quick,1000000,27.0642,25.6057,0.9461,25707934,25707934,Y
desc,heap,100,0.0011,0.0011,1.0000,944,944,Y
desc,heap,1000,0.0329,0.0344,1.0456,15965,15965,Y
desc,heap,10000,0.4768,0.4666,0.9786,226682,226682,Y
desc,heap,100000,5.3843,5.3106,0.9863,2926640,2926640,Y
desc,heap,1000000,61.7851,57.8668,0.9366,36001436,36001436,Y
desc,radix,100,0.0014,0.0012,0.8571,0,0,Y
desc,radix,1000,0.0080,0.0078,0.9750,0,0,Y
desc,radix,10000,0.0882,0.0835,0.9467,0,0,Y
desc,radix,100000,1.1001,1.1284,1.0257,0,0,Y
desc,radix,1000000,15.2522,14.5790,0.9559,0,0,Y
desc,merge,100,0.0010,0.0009,0.9000,316,316,Y
desc,merge,1000,0.0118,0.0117,0.9915,4932,4932,Y
desc,merge,10000,0.1504,0.1420,0.9441,64608,64608,Y
desc,merge,100000,1.5827,1.5514,0.9802,815024,815024,Y
desc,merge,1000000,18.8809,18.6229,0.9863,9884992,9884992,Y
uniform,insertion,100,0.0021,0.0021,1.0000,2701,2701,Y
uniform,insertion,1000,0.1469,0.1555,1.0585,255027,255027,Y
uniform,insertion,10000,14.5619,14.8020,1.0165,24770907,24770907,Y
uniform,bubble,100,0.0205,0.0213,1.0390,4895,4895,Y
uniform,bubble,1000,2.0555,2.1211,1.0319,498015,498015,Y
uniform,bubble,10000,246.0818,245.9927,0.9996,49982120,49982120,Y
uniform,selection,100,0.0124,0.0126,1.0161,4950,4950,Y
uniform,selection,1000,1.2675,1.2662,0.9990,499500,499500,Y
uniform,selection,10000,128.3124,128.1765,0.9989,49995000,49995000,Y
uniform,shell,100,0.0031,0.0030,0.9677,810,810,Y
uniform,shell,1000,0.0554,0.0547,0.9874,14737,14737,Y
uniform,shell,10000,0.7930,0.7816,0.9856,267437,267437,Y
uniform,shell,100000,11.0050,10.8692,0.9877,4586090,4586090,Y
uniform,shell,1000000,148.0112,146.1320,0.9873,67357285,67357285,Y
uniform,quick,100,0.0020,0.0021,1.0500,769,769,Y
uniform,quick,1000,0.0348,0.0345,0.9914,12285,12285,Y
uniform,quick,10000,0.4809,0.4621,0.9609,161969,161969,Y
uniform,quick,100000,5.9193,5.9926,1.0124,2205291,2205291,Y
uniform,quick,1000000,73.8979,71.4183,0.9664,24831696,24831696,Y
uniform,heap,100,0.0032,0.0032,1.0000,1043,1043,Y
uniform,heap,1000,0.0505,0.0511,1.0119,16855,16855,Y
uniform,heap,10000,0.6571,0.6469,0.9845,235455,235455,Y
uniform,heap,100000,8.4866,8.6522,1.0195,3019239,3019239,Y
uniform,heap,1000000,112.7615,112.5128,0.9978,36793625,36793625,Y
uniform,radix,100,0.0010,0.0009,0.9000,0,0,Y
uniform,radix,1000,0.0061,0.0059,0.9672,0,0,Y
uniform,radix,10000,0.0621,0.0688,1.1079,0,0,Y
uniform,radix,100000,0.6599,0.6978,1.0574,0,0,Y
uniform,radix,1000000,8.7707,8.7384,0.9963,0,0,Y
uniform,merge,100,0.0029,0.0029,1.0000,542,542,Y
uniform,merge,1000,0.0429,0.0429,1.0000,8694,8694,Y
uniform,merge,10000,0.5496,0.5565,1.0126,120412,120412,Y
uniform,merge,100000,7.0235,6.8581,0.9765,1536440,1536440,Y
uniform,merge,1000000,85.6108,85.6374,1.0003,18673937,18673937,Y
gauss,insertion,100,0.0021,0.0021,1.0000,2318,2318,Y
gauss,insertion,1000,0.1575,0.1505,0.9556,251673,251673,Y
gauss,insertion,10000,14.8809,14.4357,0.9701,24972990,24972990,Y
gauss,bubble,100,0.0206,0.0209,1.0146,4760,4760,Y
gauss,bubble,1000,2.1414,2.1418,1.0002,498834,498834,Y
gauss,bubble,10000,246.1275,246.1189,1.0000,49977234,49977234,Y
gauss,selection,100,0.0125,0.0125,1.0000,4950,4950,Y
gauss,selection,1000,1.2558,1.2362,0.9844,499500,499500,Y
gauss,selection,10000,128.4761,127.8630,0.9952,49995000,49995000,Y
gauss,shell,100,0.0031,0.0030,0.9677,914,914,Y
gauss,shell,1000,0.0550,0.0548,0.9964,15446,15446,Y
gauss,shell,10000,0.7888,0.7876,0.9985,263022,263022,Y
gauss,shell,100000,11.1652,10.6361,0.9526,4383211,4383211,Y
gauss,shell,1000000,149.0013,145.4462,0.9761,69810819,69810819,Y
gauss,quick,100,0.0021,0.0020,0.9524,690,690,Y
gauss,quick,1000,0.0342,0.0335,0.9795,11694,11694,Y
gauss,quick,10000,0.5028,0.4634,0.9216,162071,162071,Y
gauss,quick,100000,5.9404,5.9250,0.9974,2068636,2068636,Y
gauss,quick,1000000,72.0483,71.8581,0.9974,24695973,24695973,Y
gauss,heap,100,0.0033,0.0032,0.9697,1032,1032,Y
gauss,heap,1000,0.0528,0.0507,0.9602,16887,16887,Y
gauss,heap,10000,0.6655,0.6634,0.9968,235226,235226,Y
gauss,heap,100000,8.5252,8.1297,0.9536,3018501,3018501,Y
gauss,heap,1000000,112.7625,108.7518,0.9644,36774742,36774742,Y
gauss,radix,100,0.0010,0.0009,0.9000,0,0,Y
gauss,radix,1000,0.0064,0.0058,0.9062,0,0,Y
gauss,radix,10000,0.0635,0.0666,1.0488,0,0,Y
gauss,radix,100000,0.7082,0.6863,0.9691,0,0,Y
gauss,radix,1000000,9.3731,8.5197,0.9090,0,0,Y
gauss,merge,100,0.0030,0.0029,0.9667,541,541,Y
gauss,merge,1000,0.0434,0.0419,0.9654,8719,8719,Y
gauss,merge,10000,0.5555,0.5531,0.9957,120430,120430,Y
gauss,merge,100000,7.1955,6.9356,0.9639,1536102,1536102,Y
gauss,merge,1000000,85.8817,84.2508,0.9810,18668935,18668935,Y
poisson,insertion,100,0.0020,0.0020,1.0000,2441,2441,Y
poisson,insertion,1000,0.1475,0.1454,0.9858,240233,240233,Y
poisson,insertion,10000,14.2976,14.1968,0.9929,24069422,24069422,Y
poisson,bubble,100,0.0200,0.0203,1.0150,4814,4814,Y
poisson,bubble,1000,2.0957,2.0740,0.9896,499004,499004,Y
poisson,bubble,10000,239.9485,237.3527,0.9892,49980804,49980804,Y
poisson,selection,100,0.0124,0.0127,1.0242,4950,4950,Y
poisson,selection,1000,1.2799,1.2480,0.9751,499500,499500,Y
poisson,selection,10000,128.1165,126.6355,0.9884,49995000,49995000,Y
poisson,shell,100,0.0028,0.0026,0.9286,818,818,Y
poisson,shell,1000,0.0393,0.0385,0.9796,11707,11707,Y
poisson,shell,10000,0.4896,0.4789,0.9781,174752,174752,Y
poisson,shell,100000,5.2177,5.2359,1.0035,2070436,2070436,Y
poisson,shell,1000000,60.5477,60.6895,1.0023,25343557,25343557,Y
poisson,quick,100,0.0018,0.0017,0.9444,465,465,Y
poisson,quick,1000,0.0180,0.0176,0.9778,4579,4579,Y
poisson,quick,10000,0.1749,0.1662,0.9503,50850,50850,Y
poisson,quick,100000,1.6609,1.6512,0.9942,455275,455275,Y
poisson,quick,1000000,16.7226,15.9923,0.9563,4571089,4571089,Y
poisson,heap,100,0.0032,0.0031,0.9687,1037,1037,Y
poisson,heap,1000,0.0507,0.0496,0.9783,16772,16772,Y
poisson,heap,10000,0.5893,0.6125,1.0394,234724,234724,Y
poisson,heap,100000,6.6570,6.4443,0.9680,3010530,3010530,Y
poisson,heap,1000000,72.0834,70.2863,0.9751,36696684,36696684,Y
poisson,radix,100,0.0014,0.0012,0.8571,0,0,Y
poisson,radix,1000,0.0102,0.0097,0.9510,0,0,Y
poisson,radix,10000,0.0979,0.1008,1.0296,0,0,Y
poisson,radix,100000,1.0641,1.0653,1.0011,0,0,Y
poisson,radix,1000000,11.4996,11.6917,1.0167,0,0,Y
poisson,merge,100,0.0029,0.0029,1.0000,540,540,Y
poisson,merge,1000,0.0376,0.0356,0.9468,8701,8701,Y
poisson,merge,10000,0.4230,0.4030,0.9527,120488,120488,Y
poisson,merge,100000,4.3319,4.3855,1.0124,1536966,1536966,Y
poisson,merge,1000000,49.8663,48.8177,0.9790,18674979,18674979,Y
cve,insertion,100,0.0004,0.0003,0.7500,432,432,Y
cve,insertion,1000,0.0224,0.0215,0.9598,37265,37265,Y
cve,insertion,10000,2.0878,2.0544,0.9840,3614318,3614318,Y
cve,bubble,100,0.0063,0.0061,0.9683,4914,4914,Y
cve,bubble,1000,0.6115,0.5690,0.9305,496340,496340,Y
cve,bubble,10000,60.7278,59.7866,0.9845,49948640,49948640,Y
cve,selection,100,0.0127,0.0124,0.9764,4950,4950,Y
cve,selection,1000,1.3204,1.2497,0.9465,499500,499500,Y
cve,selection,10000,129.4319,128.6442,0.9939,49995000,49995000,Y
cve,shell,100,0.0014,0.0013,0.9286,609,609,Y
cve,shell,1000,0.0204,0.0192,0.9412,9504,9504,Y
cve,shell,10000,0.2609,0.2582,0.9897,138874,138874,Y
cve,shell,100000,2.8067,2.8624,1.0198,1686516,1686516,Y
cve,shell,1000000,33.5658,33.3830,0.9946,20084382,20084382,Y
cve,quick,100,0.0012,0.0012,1.0000,632,632,Y
cve,quick,1000,0.0083,0.0079,0.9518,6198,6198,Y
cve,quick,10000,0.0647,0.0643,0.9938,55143,55143,Y
cve,quick,100000,0.5932,0.6040,1.0182,494939,494939,Y
cve,quick,1000000,5.9321,5.8195,0.9810,5332984,5332984,Y
cve,heap,100,0.0023,0.0022,0.9565,1078,1078,Y
cve,heap,1000,0.0438,0.0433,0.9886,17325,17325,Y
cve,heap,10000,0.4848,0.4901,1.0109,238433,238433,Y
cve,heap,100000,5.3466,5.2877,0.9890,3026788,3026788,Y
cve,heap,1000000,57.5395,55.1966,0.9593,36652491,36652491,Y
cve,radix,100,0.0015,0.0011,0.7333,0,0,Y
cve,radix,1000,0.0109,0.0102,0.9358,0,0,Y
cve,radix,10000,0.1174,0.1185,1.0094,0,0,Y
cve,radix,100000,1.2146,1.2238,1.0076,0,0,Y
cve,radix,1000000,13.2510,13.5957,1.0260,0,0,Y
cve,merge,100,0.0012,0.0011,0.9167,379,379,Y
cve,merge,1000,0.0144,0.0138,0.9583,5412,5412,Y
cve,merge,10000,0.1671,0.1692,1.0126,73856,73856,Y
cve,merge,100000,1.8550,1.8762,1.0114,914395,914395,Y
cve,merge,1000000,21.1616,21.2733,1.0053,10799823,10799823,Y
