lang,dist,algo,n,reps,batch,tmin_ms,tmed_ms,tstd_ms,tcnt_ms,cmp,mv,aux_peak,ok,strategy
cpp,uniform,insertion,100,5,1356,0.0021,0.0025,0.0006,0.0028,2701,2806,0,1,
cpp,uniform,bubble,100,5,380,0.0213,0.0238,0.0016,0.0190,4895,7824,0,1,
cpp,uniform,selection,100,5,662,0.0126,0.0127,0.0002,0.0132,4950,282,0,1,
cpp,uniform,shell,100,5,2163,0.0030,0.0030,0.0001,0.0035,810,1362,0,1,
cpp,uniform,quick,100,5,2858,0.0021,0.0021,0.0001,0.0027,769,1857,0,1,
cpp,uniform,heap,100,5,2052,0.0032,0.0033,0.0001,0.0036,1043,1084,0,1,
cpp,uniform,radix,100,5,4096,0.0009,0.0009,0.0000,0.0012,0,800,400,1,
cpp,uniform,merge,100,5,2163,0.0029,0.0030,0.0001,0.0037,542,1344,400,1,
cpp,uniform,adapt,100,5,2052,0.0019,0.0020,0.0000,0.0025,821,698,0,1,S8 内省快排
cpp,uniform,stdsort,100,5,3201,0.0017,0.0018,0.0000,0.0022,810,-1,-1,1,
cpp,uniform,insertion,1000,5,34,0.1555,0.1603,0.0029,0.3118,255027,256032,0,1,
cpp,uniform,bubble,1000,5,4,2.1211,2.1512,0.0511,1.7900,498015,762102,0,1,
cpp,uniform,selection,1000,5,6,1.2662,1.2793,0.0119,1.3173,499500,2964,0,1,
cpp,uniform,shell,1000,5,146,0.0547,0.0560,0.0007,0.0542,14737,23261,0,1,
cpp,uniform,quick,1000,5,193,0.0345,0.0352,0.0009,0.0419,12285,31892,0,1,
cpp,uniform,heap,1000,5,135,0.0511,0.0516,0.0005,0.0495,16855,14089,0,1,
cpp,uniform,radix,1000,5,175,0.0059,0.0063,0.0005,0.0558,0,8000,4000,1,
cpp,uniform,merge,1000,5,187,0.0429,0.0441,0.0027,0.1041,8694,19952,4000,1,
cpp,uniform,adapt,1000,5,741,0.0061,0.0063,0.0007,0.0094,4120,4000,5024,1,S5 基数排序(8位)
cpp,uniform,stdsort,1000,5,276,0.0281,0.0287,0.0007,0.0282,12483,-1,-1,1,
cpp,uniform,insertion,10000,5,1,14.8020,14.9901,0.1295,23.9049,24770907,24780912,0,1,
cpp,uniform,bubble,10000,5,1,245.9927,248.7461,2.4957,163.9659,49982120,74282742,0,1,
cpp,uniform,selection,10000,5,1,128.1765,129.1363,0.7675,132.6682,49995000,29985,0,1,
cpp,uniform,shell,10000,5,11,0.7816,0.8041,0.0124,0.7469,267437,392452,0,1,
cpp,uniform,quick,10000,5,18,0.4621,0.4759,0.0074,0.4505,161969,439118,0,1,
cpp,uniform,heap,10000,5,13,0.6469,0.6594,0.0110,0.7084,235455,174297,0,1,
cpp,uniform,radix,10000,5,127,0.0688,0.0707,0.0009,0.0783,0,80000,40000,1,
cpp,uniform,merge,10000,5,13,0.5565,0.5730,0.0613,0.6348,120412,267232,40000,1,
cpp,uniform,adapt,10000,5,118,0.0607,0.0630,0.0034,0.1149,40260,40000,41024,1,S5 基数排序(8位)
cpp,uniform,stdsort,10000,5,19,0.3496,0.3565,0.0063,0.3731,158636,-1,-1,1,
cpp,uniform,insertion,100000,5,1,-1,-1,-1,-1,-1,-1,-1,1,
cpp,uniform,bubble,100000,5,1,-1,-1,-1,-1,-1,-1,-1,1,
cpp,uniform,selection,100000,5,1,-1,-1,-1,-1,-1,-1,-1,1,
cpp,uniform,shell,100000,5,1,10.8692,11.1755,0.2196,11.4809,4586090,6136814,0,1,
cpp,uniform,quick,100000,5,2,5.9926,6.0899,0.0774,6.1098,2205291,6150322,0,1,
cpp,uniform,heap,100000,5,1,8.6522,8.8856,0.1375,8.4331,3019239,2074701,0,1,
cpp,uniform,radix,100000,5,11,0.6978,0.7110,0.0242,0.8040,0,800000,400000,1,
cpp,uniform,merge,100000,5,2,6.8581,7.0183,0.2378,7.6029,1536440,3337856,400000,1,
cpp,uniform,adapt,100000,5,15,0.4712,0.5210,0.0848,0.6416,200316,200000,662144,1,S5 基数排序
cpp,uniform,stdsort,100000,5,2,4.4284,4.5292,0.0722,4.5638,2000880,-1,-1,1,
cpp,uniform,insertion,1000000,5,1,-1,-1,-1,-1,-1,-1,-1,1,
cpp,uniform,bubble,1000000,5,1,-1,-1,-1,-1,-1,-1,-1,1,
cpp,uniform,selection,1000000,5,1,-1,-1,-1,-1,-1,-1,-1,1,
cpp,uniform,shell,1000000,5,1,146.1320,149.4197,1.5558,153.2707,67357285,85859530,0,1,
cpp,uniform,quick,1000000,5,1,71.4183,73.4467,0.8589,73.0154,24831696,70296895,0,1,
cpp,uniform,heap,1000000,5,1,112.5128,114.9030,3.8377,112.6295,36793625,24048044,0,1,
cpp,uniform,radix,1000000,5,1,8.7384,9.0396,0.3187,9.6239,0,8000000,4000000,1,
cpp,uniform,merge,1000000,5,1,85.6374,87.1350,2.1200,90.7595,18673937,39902848,4000000,1,
cpp,uniform,adapt,1000000,5,2,6.7238,7.0515,0.1945,10.0724,4000316,4000000,4001024,1,S5 基数排序(8位)
cpp,uniform,stdsort,1000000,5,1,53.2434,55.0220,0.9911,55.4599,24139601,-1,-1,1,
cpp,gauss,insertion,100,5,3077,0.0021,0.0021,0.0000,0.0026,2318,2420,0,1,
cpp,gauss,bubble,100,5,366,0.0209,0.0209,0.0003,0.0182,4760,6666,0,1,
cpp,gauss,selection,100,5,625,0.0125,0.0129,0.0002,0.0132,4950,288,0,1,
cpp,gauss,shell,100,5,2106,0.0030,0.0032,0.0001,0.0039,914,1466,0,1,
cpp,gauss,quick,100,5,2858,0.0020,0.0021,0.0000,0.0027,690,1583,0,1,
cpp,gauss,heap,100,5,2106,0.0032,0.0032,0.0001,0.0033,1032,1080,0,1,
cpp,gauss,radix,100,5,4096,0.0009,0.0009,0.0000,0.0014,0,800,400,1,
cpp,gauss,merge,100,5,2000,0.0029,0.0030,0.0001,0.0040,541,1344,400,1,
cpp,gauss,adapt,100,5,2052,0.0020,0.0020,0.0000,0.0027,761,700,0,1,S8 内省快排
cpp,gauss,stdsort,100,5,3201,0.0017,0.0018,0.0001,0.0022,772,-1,-1,1,
cpp,gauss,insertion,1000,5,52,0.1505,0.1549,0.0029,0.3278,251673,252679,0,1,
cpp,gauss,bubble,1000,5,4,2.1418,2.1998,0.0294,1.7252,498834,752043,0,1,
cpp,gauss,selection,1000,5,6,1.2362,1.2642,0.0199,1.2931,499500,2976,0,1,
cpp,gauss,shell,1000,5,158,0.0548,0.0555,0.0006,0.0564,15446,23962,0,1,
cpp,gauss,quick,1000,5,221,0.0335,0.0344,0.0008,0.0372,11694,30488,0,1,
cpp,gauss,heap,1000,5,154,0.0507,0.0512,0.0014,0.0464,16887,14099,0,1,
cpp,gauss,radix,1000,5,82,0.0058,0.0063,0.0003,0.0066,0,8000,4000,1,
cpp,gauss,merge,1000,5,174,0.0419,0.0422,0.0008,0.0459,8719,19952,4000,1,
cpp,gauss,adapt,1000,5,843,0.0062,0.0063,0.0001,0.0104,4120,4000,5024,1,S5 基数排序(8位)
cpp,gauss,stdsort,1000,5,280,0.0260,0.0264,0.0004,0.0271,11953,-1,-1,1,
cpp,gauss,insertion,10000,5,1,14.4357,14.7431,0.2518,19.6997,24972990,24982993,0,1,
cpp,gauss,bubble,10000,5,1,246.1189,248.4041,1.8378,166.1645,49977234,74888985,0,1,
cpp,gauss,selection,10000,5,1,127.8630,129.2026,1.1538,134.4498,49995000,29943,0,1,
cpp,gauss,shell,10000,5,10,0.7876,0.7905,0.0114,0.7420,263022,388138,0,1,
cpp,gauss,quick,10000,5,17,0.4634,0.4846,0.0141,0.4937,162071,439566,0,1,
cpp,gauss,heap,10000,5,13,0.6634,0.6728,0.0064,0.6287,235226,174029,0,1,
cpp,gauss,radix,10000,5,126,0.0666,0.0723,0.0024,0.0755,0,80000,40000,1,
cpp,gauss,merge,10000,5,12,0.5531,0.5615,0.0174,0.6134,120430,267232,40000,1,
cpp,gauss,adapt,10000,5,78,0.0596,0.0611,0.0086,0.1003,40260,40000,41024,1,S5 基数排序(8位)
cpp,gauss,stdsort,10000,5,20,0.3512,0.3595,0.0039,0.4071,162319,-1,-1,1,
cpp,gauss,insertion,100000,5,1,-1,-1,-1,-1,-1,-1,-1,1,
cpp,gauss,bubble,100000,5,1,-1,-1,-1,-1,-1,-1,-1,1,
cpp,gauss,selection,100000,5,1,-1,-1,-1,-1,-1,-1,-1,1,
cpp,gauss,shell,100000,5,1,10.6361,11.2221,0.3378,11.0779,4383211,5933517,0,1,
cpp,gauss,quick,100000,5,2,5.9250,6.0522,0.1309,6.2173,2068636,5748209,0,1,
cpp,gauss,heap,100000,5,1,8.1297,8.2555,0.1683,8.0313,3018501,2074342,0,1,
cpp,gauss,radix,100000,5,11,0.6863,0.6950,0.0337,0.9170,0,800000,400000,1,
cpp,gauss,merge,100000,5,2,6.9356,6.9883,0.0703,7.6450,1536102,3337856,400000,1,
cpp,gauss,adapt,100000,5,16,0.4855,0.5574,0.1056,0.6146,200316,200000,662144,1,S5 基数排序
cpp,gauss,stdsort,100000,5,2,4.3340,4.4116,0.1136,4.5395,2039757,-1,-1,1,
cpp,gauss,insertion,1000000,5,1,-1,-1,-1,-1,-1,-1,-1,1,
cpp,gauss,bubble,1000000,5,1,-1,-1,-1,-1,-1,-1,-1,1,
cpp,gauss,selection,1000000,5,1,-1,-1,-1,-1,-1,-1,-1,1,
cpp,gauss,shell,1000000,5,1,145.4462,147.0962,1.5572,152.0367,69810819,88312527,0,1,
cpp,gauss,quick,1000000,5,1,71.8581,72.8000,0.6306,71.6228,24695973,70139968,0,1,
cpp,gauss,heap,1000000,5,1,108.7518,110.5853,1.1892,104.6059,36774742,24035734,0,1,
cpp,gauss,radix,1000000,5,1,8.5197,8.6285,0.2367,9.1913,0,8000000,4000000,1,
cpp,gauss,merge,1000000,5,1,84.2508,85.7159,0.7739,92.7111,18668935,39902848,4000000,1,
cpp,gauss,adapt,1000000,5,2,7.0948,7.6685,0.3351,10.0020,4000316,4000000,4001024,1,S5 基数排序(8位)
cpp,gauss,stdsort,1000000,5,1,52.9800,54.3040,0.7284,54.8660,24085060,-1,-1,1,
cpp,poisson,insertion,100,5,3201,0.0020,0.0021,0.0000,0.0035,2441,2544,0,1,
cpp,poisson,bubble,100,5,403,0.0203,0.0207,0.0003,0.0176,4814,7038,0,1,
cpp,poisson,selection,100,5,673,0.0127,0.0129,0.0001,0.0185,4950,288,0,1,
cpp,poisson,shell,100,5,2501,0.0026,0.0028,0.0001,0.0034,818,1371,0,1,
cpp,poisson,quick,100,5,3479,0.0017,0.0018,0.0000,0.0020,465,954,0,1,
cpp,poisson,heap,100,5,2353,0.0031,0.0032,0.0001,0.0147,1037,1079,0,1,
cpp,poisson,radix,100,5,3479,0.0012,0.0012,0.0000,0.0014,0,800,400,1,
cpp,poisson,merge,100,5,1861,0.0029,0.0031,0.0001,0.0037,540,1344,400,1,
cpp,poisson,adapt,100,5,3810,0.0003,0.0004,0.0001,0.0013,334,200,536,1,S4 计数排序
cpp,poisson,stdsort,100,5,3479,0.0017,0.0017,0.0000,0.0023,773,-1,-1,1,
cpp,poisson,insertion,1000,5,58,0.1454,0.1495,0.0036,0.2717,240233,241237,0,1,
cpp,poisson,bubble,1000,5,4,2.0740,2.1034,0.0227,1.6159,499004,717717,0,1,
cpp,poisson,selection,1000,5,7,1.2480,1.2707,0.0186,1.2528,499500,2967,0,1,
cpp,poisson,shell,1000,5,203,0.0385,0.0388,0.0012,0.0397,11707,20205,0,1,
cpp,poisson,quick,1000,5,424,0.0176,0.0182,0.0004,0.0177,4579,10896,0,1,
cpp,poisson,heap,1000,5,165,0.0496,0.0506,0.0018,0.0475,16772,13989,0,1,
cpp,poisson,radix,1000,5,834,0.0097,0.0100,0.0002,0.0101,0,8000,4000,1,
cpp,poisson,merge,1000,5,201,0.0356,0.0373,0.0013,0.0448,8701,19952,4000,1,
cpp,poisson,adapt,1000,5,1356,0.0020,0.0021,0.0001,0.0033,3118,2000,4236,1,S4 计数排序
cpp,poisson,stdsort,1000,5,380,0.0193,0.0197,0.0004,0.0195,9469,-1,-1,1,
cpp,poisson,insertion,10000,5,1,14.1968,14.3301,0.0988,19.0287,24069422,24079431,0,1,
cpp,poisson,bubble,10000,5,1,237.3527,241.1258,2.5531,158.1572,49980804,72178299,0,1,
cpp,poisson,selection,10000,5,1,126.6355,128.4536,1.1835,132.5227,49995000,29952,0,1,
cpp,poisson,shell,10000,5,18,0.4789,0.4962,0.0135,0.5022,174752,299526,0,1,
cpp,poisson,quick,10000,5,47,0.1662,0.1708,0.0025,0.1710,50850,122818,0,1,
cpp,poisson,heap,10000,5,14,0.6125,0.6231,0.0055,0.5398,234724,173362,0,1,
cpp,poisson,radix,10000,5,76,0.1008,0.1017,0.0011,0.1094,0,80000,40000,1,
cpp,poisson,merge,10000,5,19,0.4030,0.4135,0.0106,0.5006,120488,267232,40000,1,
cpp,poisson,adapt,10000,5,209,0.0203,0.0211,0.0008,0.0491,30258,20000,41024,1,S5 基数排序(8位)
cpp,poisson,stdsort,10000,5,36,0.1996,0.2052,0.0030,0.2044,120564,-1,-1,1,
cpp,poisson,insertion,100000,5,1,-1,-1,-1,-1,-1,-1,-1,1,
cpp,poisson,bubble,100000,5,1,-1,-1,-1,-1,-1,-1,-1,1,
cpp,poisson,selection,100000,5,1,-1,-1,-1,-1,-1,-1,-1,1,
cpp,poisson,shell,100000,5,2,5.2359,5.3705,0.1469,5.4671,2070436,3618348,0,1,
cpp,poisson,quick,100000,5,5,1.6512,1.6806,0.0316,1.7674,455275,1066152,0,1,
cpp,poisson,heap,100000,5,2,6.4443,6.4684,0.0693,6.1699,3010530,2064187,0,1,
cpp,poisson,radix,100000,5,8,1.0653,1.0805,0.0169,1.2793,0,800000,400000,1,
cpp,poisson,merge,100000,5,2,4.3855,4.4933,0.0893,5.4364,1536966,3337856,400000,1,
cpp,poisson,adapt,100000,5,20,0.1803,0.2146,0.0146,0.3530,300314,200000,401024,1,S5 基数排序(8位)
cpp,poisson,stdsort,100000,5,4,2.1381,2.1817,0.0822,2.3371,1516220,-1,-1,1,
cpp,poisson,insertion,1000000,5,1,-1,-1,-1,-1,-1,-1,-1,1,
cpp,poisson,bubble,1000000,5,1,-1,-1,-1,-1,-1,-1,-1,1,
cpp,poisson,selection,1000000,5,1,-1,-1,-1,-1,-1,-1,-1,1,
cpp,poisson,shell,1000000,5,1,60.6895,61.1082,0.6016,64.9094,25343557,43819800,0,1,
cpp,poisson,quick,1000000,5,1,15.9923,16.8871,0.5365,16.4777,4571089,10713646,0,1,
cpp,poisson,heap,1000000,5,1,70.2863,71.1355,0.4052,73.3066,36696684,23940278,0,1,
cpp,poisson,radix,1000000,5,1,11.6917,11.7665,0.1547,11.3406,0,8000000,4000000,1,
cpp,poisson,merge,1000000,5,1,48.8177,49.8572,1.0403,56.4440,18674979,39902848,4000000,1,
cpp,poisson,adapt,1000000,5,2,2.9198,3.0116,0.0902,3.6161,3000314,2000000,4001024,1,S5 基数排序(8位)
cpp,poisson,stdsort,1000000,5,1,22.9678,23.0354,0.0902,23.7331,19216285,-1,-1,1,
cpp,asc,insertion,100,5,4096,0.0001,0.0001,0.0000,0.0002,99,198,0,1,
cpp,asc,bubble,100,5,4096,0.0001,0.0001,0.0000,0.0002,99,0,0,1,
cpp,asc,selection,100,5,630,0.0122,0.0127,0.0002,0.0134,4950,0,0,1,
cpp,asc,shell,100,5,4096,0.0006,0.0009,0.0002,0.0014,503,1006,0,1,
cpp,asc,quick,100,5,3077,0.0010,0.0010,0.0001,0.0020,806,1893,0,1,
cpp,asc,heap,100,5,2353,0.0012,0.0013,0.0001,0.0034,1081,1136,0,1,
cpp,asc,radix,100,5,4096,0.0011,0.0012,0.0000,0.0013,0,800,400,1,
cpp,asc,merge,100,5,4096,0.0010,0.0011,0.0001,0.0016,356,1344,400,1,
cpp,asc,adapt,100,5,4096,0.0001,0.0001,0.0000,0.0007,117,0,0,1,S2 已升序直通
cpp,asc,stdsort,100,5,4096,0.0004,0.0004,0.0000,0.0010,629,-1,-1,1,
cpp,asc,insertion,1000,5,2097,0.0007,0.0007,0.0000,0.0011,999,1998,0,1,
cpp,asc,bubble,1000,5,2097,0.0008,0.0008,0.0000,0.0009,999,0,0,1,
cpp,asc,selection,1000,5,7,1.2666,1.3003,0.0335,1.3358,499500,0,0,1,
cpp,asc,shell,1000,5,899,0.0086,0.0091,0.0004,0.0112,8006,16012,0,1,
cpp,asc,quick,1000,5,445,0.0150,0.0155,0.0004,0.0187,12610,32271,0,1,
cpp,asc,heap,1000,5,213,0.0365,0.0380,0.0019,0.0390,17583,14704,0,1,
cpp,asc,radix,1000,5,953,0.0078,0.0080,0.0002,0.0083,0,8000,4000,1,
cpp,asc,merge,1000,5,602,0.0115,0.0123,0.0006,0.0243,5044,19952,4000,1,
cpp,asc,adapt,1000,5,2097,0.0004,0.0004,0.0001,0.0015,1059,0,0,1,S2 已升序直通
cpp,asc,stdsort,1000,5,1160,0.0055,0.0057,0.0002,0.0122,10621,-1,-1,1,
cpp,asc,insertion,10000,5,209,0.0070,0.0081,0.0006,0.0101,9999,19998,0,1,
cpp,asc,bubble,10000,5,209,0.0081,0.0090,0.0007,0.0083,9999,0,0,1,
cpp,asc,selection,10000,5,1,128.5561,129.8471,1.3177,131.4154,49995000,0,0,1,
cpp,asc,shell,10000,5,67,0.1285,0.1294,0.0018,0.1652,120005,240010,0,1,
cpp,asc,quick,10000,5,40,0.1886,0.2026,0.0075,0.2464,170712,455678,0,1,
cpp,asc,heap,10000,5,18,0.4655,0.4828,0.0097,0.4145,244460,181952,0,1,
cpp,asc,radix,10000,5,102,0.0808,0.0838,0.0018,0.0860,0,80000,40000,1,
cpp,asc,merge,10000,5,58,0.1419,0.1437,0.0035,0.2214,69008,267232,40000,1,
cpp,asc,adapt,10000,5,209,0.0033,0.0035,0.0004,0.0038,10197,0,0,1,S2 已升序直通
cpp,asc,stdsort,10000,5,102,0.0731,0.0760,0.0019,0.1569,166691,-1,-1,1,
cpp,asc,insertion,100000,5,1,-1,-1,-1,-1,-1,-1,-1,1,
cpp,asc,bubble,100000,5,1,-1,-1,-1,-1,-1,-1,-1,1,
cpp,asc,selection,100000,5,1,-1,-1,-1,-1,-1,-1,-1,1,
cpp,asc,shell,100000,5,5,1.6044,1.6288,0.0369,1.9227,1500006,3000012,0,1,
cpp,asc,quick,100000,5,4,2.2413,2.3968,0.0674,3.0331,2135716,5923920,0,1,
cpp,asc,heap,100000,5,2,4.9991,5.0399,0.1331,5.1370,3112517,2150850,0,1,
cpp,asc,radix,100000,5,8,1.0872,1.1050,0.0107,1.2590,0,800000,400000,1,
cpp,asc,merge,100000,5,6,1.5773,1.6388,0.0489,3.2133,853904,3337856,400000,1,
cpp,asc,adapt,100000,5,20,0.0301,0.0304,0.0013,0.0305,100253,0,0,1,S2 已升序直通
cpp,asc,stdsort,100000,5,8,0.8734,0.8777,0.0035,1.7819,2113369,-1,-1,1,
cpp,asc,insertion,1000000,5,1,-1,-1,-1,-1,-1,-1,-1,1,
cpp,asc,bubble,1000000,5,1,-1,-1,-1,-1,-1,-1,-1,1,
cpp,asc,selection,1000000,5,1,-1,-1,-1,-1,-1,-1,-1,1,
cpp,asc,shell,1000000,5,1,19.0679,19.3910,1.1252,24.5837,18000007,36000014,0,1,
cpp,asc,quick,1000000,5,1,27.0592,27.5432,0.3737,34.5893,25516078,72171898,0,1,
cpp,asc,heap,1000000,5,1,52.5741,53.6261,0.6585,57.9051,37692069,24787788,0,1,
cpp,asc,radix,1000000,5,1,15.0009,15.1390,0.1991,14.8585,0,8000000,4000000,1,
cpp,asc,merge,1000000,5,1,18.9729,19.3373,0.1668,35.9240,10066432,39902848,4000000,1,
cpp,asc,adapt,1000000,5,2,0.2973,0.3086,0.0411,0.3552,1000253,0,0,1,S2 已升序直通
cpp,asc,stdsort,1000000,5,1,9.8654,10.1182,0.3386,17.7555,25604781,-1,-1,1,
cpp,desc,insertion,100,5,2286,0.0032,0.0035,0.0002,0.0069,4950,5148,0,1,
cpp,desc,bubble,100,5,257,0.0331,0.0341,0.0007,0.0345,4950,14850,0,1,
cpp,desc,selection,100,5,678,0.0125,0.0126,0.0001,0.0131,4950,150,0,1,
cpp,desc,shell,100,5,4096,0.0008,0.0009,0.0000,0.0016,668,1266,0,1,
cpp,desc,quick,100,5,4096,0.0010,0.0010,0.0000,0.0019,677,1510,0,1,
cpp,desc,heap,100,5,2667,0.0011,0.0011,0.0001,0.0030,944,1012,0,1,
cpp,desc,radix,100,5,4096,0.0012,0.0012,0.0000,0.0015,0,800,400,1,
cpp,desc,merge,100,5,4096,0.0009,0.0010,0.0000,0.0024,316,1344,400,1,
cpp,desc,adapt,100,5,4096,0.0001,0.0001,0.0000,0.0009,117,150,0,1,S3 降序反转
cpp,desc,stdsort,100,5,4096,0.0003,0.0003,0.0000,0.0009,526,-1,-1,1,
cpp,desc,insertion,1000,5,27,0.2948,0.3169,0.0161,0.3744,499500,501498,0,1,
cpp,desc,bubble,1000,5,3,3.4712,3.5250,0.0380,3.4097,499500,1498500,0,1,
cpp,desc,selection,1000,5,7,1.2739,1.2808,0.0037,1.2950,499500,1500,0,1,
cpp,desc,shell,1000,5,530,0.0135,0.0139,0.0019,0.0267,11716,20712,0,1,
cpp,desc,quick,1000,5,341,0.0148,0.0151,0.0005,0.0193,11611,29916,0,1,
cpp,desc,heap,1000,5,187,0.0344,0.0344,0.0017,0.0367,15965,13312,0,1,
cpp,desc,radix,1000,5,1026,0.0078,0.0080,0.0002,0.0084,0,8000,4000,1,
cpp,desc,merge,1000,5,611,0.0117,0.0118,0.0002,0.0254,4932,19952,4000,1,
cpp,desc,adapt,1000,5,2097,0.0006,0.0007,0.0001,0.0016,1059,1500,0,1,S3 降序反转
cpp,desc,stdsort,1000,5,1404,0.0043,0.0044,0.0001,0.0091,8138,-1,-1,1,
cpp,desc,insertion,10000,5,1,29.4551,29.9331,0.2155,37.1574,49995000,50014998,0,1,
cpp,desc,bubble,10000,5,1,343.4589,346.6515,3.2299,351.0562,49995000,149985000,0,1,
cpp,desc,selection,10000,5,1,127.8536,129.5361,0.8615,132.9795,49995000,15000,0,1,
cpp,desc,shell,10000,5,33,0.1898,0.1965,0.0050,0.2972,172578,302570,0,1,
cpp,desc,quick,10000,5,46,0.1924,0.1934,0.0015,0.2346,163766,433674,0,1,
cpp,desc,heap,10000,5,16,0.4666,0.4875,0.0134,0.4880,226682,166692,0,1,
cpp,desc,radix,10000,5,101,0.0835,0.0862,0.0014,0.0961,0,80000,40000,1,
cpp,desc,merge,10000,5,56,0.1420,0.1459,0.0021,0.2879,64608,267232,40000,1,
cpp,desc,adapt,10000,5,209,0.0051,0.0059,0.0005,0.0113,10197,15000,0,1,S3 降序反转
cpp,desc,stdsort,10000,5,131,0.0591,0.0600,0.0028,0.1229,122058,-1,-1,1,
cpp,desc,insertion,100000,5,1,-1,-1,-1,-1,-1,-1,-1,1,
cpp,desc,bubble,100000,5,1,-1,-1,-1,-1,-1,-1,-1,1,
cpp,desc,selection,100000,5,1,-1,-1,-1,-1,-1,-1,-1,1,
cpp,desc,shell,100000,5,4,2.3920,2.4854,0.0480,3.1868,2244585,3844572,0,1,
cpp,desc,quick,100000,5,4,2.2698,2.3676,0.0650,2.7197,2126048,5854273,0,1,
cpp,desc,heap,100000,5,2,5.3106,5.4060,0.0808,5.7154,2926640,1997430,0,1,
cpp,desc,radix,100000,5,8,1.1284,1.1458,0.0211,1.1524,0,800000,400000,1,
cpp,desc,merge,100000,5,5,1.5514,1.6457,0.0568,3.4273,815024,3337856,400000,1,
cpp,desc,adapt,100000,5,20,0.0473,0.0507,0.0023,0.0901,100253,150000,0,1,S3 降序反转
cpp,desc,stdsort,100000,5,12,0.6849,0.7659,0.0427,1.2782,1516394,-1,-1,1,
cpp,desc,insertion,1000000,5,1,-1,-1,-1,-1,-1,-1,-1,1,
cpp,desc,bubble,1000000,5,1,-1,-1,-1,-1,-1,-1,-1,1,
cpp,desc,selection,1000000,5,1,-1,-1,-1,-1,-1,-1,-1,1,
cpp,desc,shell,1000000,5,1,27.6874,28.5786,1.3454,40.1432,26357530,45357518,0,1,
cpp,desc,quick,1000000,5,1,25.6057,26.9584,0.6608,32.9597,25707934,72485635,0,1,
cpp,desc,heap,1000000,5,1,57.8668,58.9579,1.1577,60.7735,36001436,23333404,0,1,
cpp,desc,radix,1000000,5,1,14.5790,15.0005,0.5345,14.3095,0,8000000,4000000,1,
cpp,desc,merge,1000000,5,1,18.6229,18.8724,0.1843,35.5747,9884992,39902848,4000000,1,
cpp,desc,adapt,1000000,5,2,0.5150,0.5218,0.0205,1.0566,1000253,1500000,0,1,S3 降序反转
cpp,desc,stdsort,1000000,5,2,7.7307,7.8257,0.1132,13.2659,18131082,-1,-1,1,
cpp,cve,insertion,100,5,4096,0.0003,0.0004,0.0000,0.0006,432,531,0,1,
cpp,cve,bubble,100,5,1251,0.0061,0.0063,0.0006,0.0076,4914,999,0,1,
cpp,cve,selection,100,5,616,0.0124,0.0127,0.0002,0.0132,4950,225,0,1,
cpp,cve,shell,100,5,4096,0.0013,0.0014,0.0001,0.0018,609,1118,0,1,
cpp,cve,quick,100,5,4000,0.0012,0.0012,0.0000,0.0018,632,1315,0,1,
cpp,cve,heap,100,5,2425,0.0022,0.0025,0.0002,0.0036,1078,1120,0,1,
cpp,cve,radix,100,5,4001,0.0011,0.0011,0.0001,0.0013,0,800,400,1,
cpp,cve,merge,100,5,4000,0.0011,0.0012,0.0000,0.0026,379,1344,400,1,
cpp,cve,adapt,100,5,4096,0.0003,0.0003,0.0000,0.0011,467,441,0,1,S1b 插入排序
cpp,cve,stdsort,100,5,2963,0.0010,0.0011,0.0000,0.0014,710,-1,-1,1,
cpp,cve,insertion,1000,5,373,0.0215,0.0225,0.0005,0.0296,37265,38264,0,1,
cpp,cve,bubble,1000,5,15,0.5690,0.5751,0.0085,0.5761,496340,108798,0,1,
cpp,cve,selection,1000,5,7,1.2497,1.2697,0.0446,1.2508,499500,2457,0,1,
cpp,cve,shell,1000,5,438,0.0192,0.0198,0.0004,0.0226,9504,17571,0,1,
cpp,cve,quick,1000,5,809,0.0079,0.0083,0.0004,0.0104,6198,15867,0,1,
cpp,cve,heap,1000,5,181,0.0433,0.0440,0.0021,0.0387,17325,14456,0,1,
cpp,cve,radix,1000,5,843,0.0102,0.0103,0.0000,0.0109,0,8000,4000,1,
cpp,cve,merge,1000,5,494,0.0138,0.0142,0.0003,0.0266,5412,19952,4000,1,
cpp,cve,adapt,1000,5,1231,0.0023,0.0023,0.0000,0.0036,3118,2000,4156,1,S4 计数排序
cpp,cve,stdsort,1000,5,715,0.0131,0.0138,0.0003,0.0123,10543,-1,-1,1,
cpp,cve,insertion,10000,5,4,2.0544,2.1190,0.0385,2.6432,3614318,3624317,0,1,
cpp,cve,bubble,10000,5,1,59.7866,61.0321,0.6675,69.5785,49948640,10812957,0,1,
cpp,cve,selection,10000,5,1,128.6442,129.2979,0.5827,133.3179,49995000,24477,0,1,
cpp,cve,shell,10000,5,28,0.2582,0.2639,0.0047,0.2819,138874,259493,0,1,
cpp,cve,quick,10000,5,130,0.0643,0.0658,0.0014,0.0726,55143,135702,0,1,
cpp,cve,heap,10000,5,17,0.4901,0.5019,0.0101,0.5885,238433,177030,0,1,
cpp,cve,radix,10000,5,75,0.1185,0.1203,0.0032,0.1198,0,80000,40000,1,
cpp,cve,merge,10000,5,47,0.1692,0.1779,0.0261,0.3635,73856,267232,40000,1,
cpp,cve,adapt,10000,5,201,0.0306,0.0320,0.0025,0.0539,30258,20000,41024,1,S5 基数排序(8位)
cpp,cve,stdsort,10000,5,68,0.1124,0.1219,0.0103,0.1456,144772,-1,-1,1,
cpp,cve,insertion,100000,5,1,-1,-1,-1,-1,-1,-1,-1,1,
cpp,cve,bubble,100000,5,1,-1,-1,-1,-1,-1,-1,-1,1,
cpp,cve,selection,100000,5,1,-1,-1,-1,-1,-1,-1,-1,1,
cpp,cve,shell,100000,5,3,2.8624,2.9670,0.0733,3.2268,1686516,3192645,0,1,
cpp,cve,quick,100000,5,14,0.6040,0.6249,0.0373,0.6247,494939,1185090,0,1,
cpp,cve,heap,100000,5,2,5.2877,5.3220,0.0656,5.0603,3026788,2090648,0,1,
cpp,cve,radix,100000,5,7,1.2238,1.2652,0.0197,1.2687,0,800000,400000,1,
cpp,cve,merge,100000,5,5,1.8762,1.8879,0.0991,3.2985,914395,3337856,400000,1,
cpp,cve,adapt,100000,5,20,0.2558,0.2767,0.0113,0.4347,300314,200000,401024,1,S5 基数排序(8位)
cpp,cve,stdsort,100000,5,7,1.0951,1.4762,0.2009,1.4175,1568771,-1,-1,1,
cpp,cve,insertion,1000000,5,1,-1,-1,-1,-1,-1,-1,-1,1,
cpp,cve,bubble,1000000,5,1,-1,-1,-1,-1,-1,-1,-1,1,
cpp,cve,selection,1000000,5,1,-1,-1,-1,-1,-1,-1,-1,1,
cpp,cve,shell,1000000,5,1,33.3830,33.5843,0.2675,38.1975,20084382,38144668,0,1,
cpp,cve,quick,1000000,5,2,5.8195,6.1675,0.2543,6.0470,5332984,12999225,0,1,
cpp,cve,heap,1000000,5,1,55.1966,56.0983,2.0684,59.1494,36652491,24107644,0,1,
cpp,cve,radix,1000000,5,1,13.5957,13.7937,0.2269,12.8366,0,8000000,4000000,1,
cpp,cve,merge,1000000,5,1,21.2733,21.8511,0.4350,38.2392,10799823,39902848,4000000,1,
cpp,cve,adapt,1000000,5,2,3.5051,3.7761,0.1951,4.4837,3000314,2000000,4001024,1,S5 基数排序(8位)
cpp,cve,stdsort,1000000,5,1,12.6462,12.7742,0.2386,13.6002,18858106,-1,-1,1,
